f_crack;uf;ua;Tmax_K;net_ROP_NO_kmol_m3_s;net_ROP_NO2_kmol_m3_s;net_ROP_N2O_kmol_m3_s;bar_plot_path;NO_top1_rxn_idx;NO_top1_contrib_kmol_m3_s;NO_top1_rxn_eq;NO_top2_rxn_idx;NO_top2_contrib_kmol_m3_s;NO_top2_rxn_eq;NO_top3_rxn_idx;NO_top3_contrib_kmol_m3_s;NO_top3_rxn_eq;NO_top4_rxn_idx;NO_top4_contrib_kmol_m3_s;NO_top4_rxn_eq;NO_top5_rxn_idx;NO_top5_contrib_kmol_m3_s;NO_top5_rxn_eq;NO_top6_rxn_idx;NO_top6_contrib_kmol_m3_s;NO_top6_rxn_eq;NO_top7_rxn_idx;NO_top7_contrib_kmol_m3_s;NO_top7_rxn_eq;NO_top8_rxn_idx;NO_top8_contrib_kmol_m3_s;NO_top8_rxn_eq;NO_top9_rxn_idx;NO_top9_contrib_kmol_m3_s;NO_top9_rxn_eq;NO_top10_rxn_idx;NO_top10_contrib_kmol_m3_s;NO_top10_rxn_eq;NO2_top1_rxn_idx;NO2_top1_contrib_kmol_m3_s;NO2_top1_rxn_eq;NO2_top2_rxn_idx;NO2_top2_contrib_kmol_m3_s;NO2_top2_rxn_eq;NO2_top3_rxn_idx;NO2_top3_contrib_kmol_m3_s;NO2_top3_rxn_eq;NO2_top4_rxn_idx;NO2_top4_contrib_kmol_m3_s;NO2_top4_rxn_eq;NO2_top5_rxn_idx;NO2_top5_contrib_kmol_m3_s;NO2_top5_rxn_eq;NO2_top6_rxn_idx;NO2_top6_contrib_kmol_m3_s;NO2_top6_rxn_eq;NO2_top7_rxn_idx;NO2_top7_contrib_kmol_m3_s;NO2_top7_rxn_eq;NO2_top8_rxn_idx;NO2_top8_contrib_kmol_m3_s;NO2_top8_rxn_eq;NO2_top9_rxn_idx;NO2_top9_contrib_kmol_m3_s;NO2_top9_rxn_eq;NO2_top10_rxn_idx;NO2_top10_contrib_kmol_m3_s;NO2_top10_rxn_eq;N2O_top1_rxn_idx;N2O_top1_contrib_kmol_m3_s;N2O_top1_rxn_eq;N2O_top2_rxn_idx;N2O_top2_contrib_kmol_m3_s;N2O_top2_rxn_eq;N2O_top3_rxn_idx;N2O_top3_contrib_kmol_m3_s;N2O_top3_rxn_eq;N2O_top4_rxn_idx;N2O_top4_contrib_kmol_m3_s;N2O_top4_rxn_eq;N2O_top5_rxn_idx;N2O_top5_contrib_kmol_m3_s;N2O_top5_rxn_eq;N2O_top6_rxn_idx;N2O_top6_contrib_kmol_m3_s;N2O_top6_rxn_eq;N2O_top7_rxn_idx;N2O_top7_contrib_kmol_m3_s;N2O_top7_rxn_eq;N2O_top8_rxn_idx;N2O_top8_contrib_kmol_m3_s;N2O_top8_rxn_eq;N2O_top9_rxn_idx;N2O_top9_contrib_kmol_m3_s;N2O_top9_rxn_eq;N2O_top10_rxn_idx;N2O_top10_contrib_kmol_m3_s;N2O_top10_rxn_eq
0.28;0.5;0.5;2119.478151436508;0.2050153611964248;0.0010723175793134864;0.020616575021533044;figures_multi_case_rop\bar_ROP_NO_f0.28_uf0.5_ua0.5.png;272;0.15329488521215923;H + HNO <=> H2 + NO;221;0.13175951902771962;N + OH <=> H + NO;219;-0.11415256449039772;N + NO <=> N2 + O;239;-0.10245014269967594;NH + NO <=> H + N2O;270;0.06519444067081953;H + NO + M <=> HNO + M;232;0.05699395944523554;NH + O <=> H + NO;273;0.03664544190115622;HNO + OH <=> H2O + NO;241;-0.03315864242707192;NH + NO <=> N2 + OH;240;0.028557335646152995;NH + NO <=> H + N2O;220;0.0177261064105641;N + O2 <=> NO + O;227;0.00262335070426215;HO2 + NO <=> NO2 + OH;230;-0.0010460227733723108;H + NO2 <=> NO + OH;229;-0.0008276946625210549;NO2 + O <=> NO + O2;228;0.0003227457064246628;NO + O + M <=> NO2 + M;275;-6.135480323093376e-08;HNO + NO2 <=> HONO + NO;243;-3.3937282581140194e-11;NH + NO2 <=> N2O + OH;258;-6.721037031623045e-12;NH2 + NO2 <=> H2O + N2O;242;-2.0417877105137176e-14;HONO + NH <=> NH2 + NO2;257;2.007941008790252e-15;HONO + NH2 <=> NH3 + NO2;;;;239;0.16935219157211318;NH + NO <=> H + N2O;224;-0.07637736761592927;H + N2O <=> N2 + OH;240;-0.04723614255397785;NH + NO <=> H + N2O;226;-0.018834407231848312;N2O (+M) <=> N2 + O (+M);261;-0.005888080973635996;NNH + O <=> H + N2O;225;-0.0002362542096648329;N2O + OH <=> HO2 + N2;223;-8.805405268223537e-05;N2O + O <=> 2 NO;222;-7.971194688636848e-05;N2O + O <=> N2 + O2;243;4.091086821143413e-06;NH + NO2 <=> N2O + OH;258;3.1094722359918354e-07;NH2 + NO2 <=> H2O + N2O
0.28;0.5;1.0;2083.022635584695;0.2341795692942977;0.0015883294510897132;0.03107278590738938;figures_multi_case_rop\bar_ROP_NO_f0.28_uf0.5_ua1.0.png;272;0.12474035307605763;H + HNO <=> H2 + NO;221;0.07776137496700199;N + OH <=> H + NO;232;0.05737973944391894;NH + O <=> H + NO;219;-0.0468252521543854;N + NO <=> N2 + O;273;0.03639181892317835;HNO + OH <=> H2O + NO;239;-0.03455846204072473;NH + NO <=> H + N2O;270;0.015114061251643246;H + NO + M <=> HNO + M;220;0.014353191044241246;N + O2 <=> NO + O;241;-0.01214575510772215;NH + NO <=> N2 + OH;240;0.009577336595806231;NH + NO <=> H + N2O;227;0.003096520731290332;HO2 + NO <=> NO2 + OH;230;-0.0009758863464229523;H + NO2 <=> NO + OH;229;-0.0009088924366323521;NO2 + O <=> NO + O2;228;0.0003766456348102505;NO + O + M <=> NO2 + M;275;-5.801391839813943e-08;HNO + NO2 <=> HONO + NO;258;-8.250421248130462e-11;NH2 + NO2 <=> H2O + N2O;243;-3.544134465100871e-11;NH + NO2 <=> N2O + OH;242;-1.1004077978210727e-13;HONO + NH <=> NH2 + NO2;257;1.8431516730329558e-14;HONO + NH2 <=> NH3 + NO2;;;;239;0.21728205814642995;NH + NO <=> H + N2O;224;-0.0960865974060106;H + N2O <=> N2 + OH;240;-0.06042637304083446;NH + NO <=> H + N2O;226;-0.0226291453075756;N2O (+M) <=> N2 + O (+M);261;-0.0066796918590392605;NNH + O <=> H + N2O;225;-0.0002344098361242252;N2O + OH <=> HO2 + N2;223;-8.109642833688523e-05;N2O + O <=> 2 NO;222;-7.724842367722632e-05;N2O + O <=> N2 + O2;243;4.857159645440229e-06;NH + NO2 <=> N2O + OH;258;4.3290291225869566e-07;NH2 + NO2 <=> H2O + N2O
0.28;0.5;1.5;2060.143530858294;0.3541465523954046;0.002603621344377329;0.041462090389333794;figures_multi_case_rop\bar_ROP_NO_f0.28_uf0.5_ua1.5.png;272;0.2898890880293396;H + HNO <=> H2 + NO;221;0.19479440837846268;N + OH <=> H + NO;219;-0.18584183996789397;N + NO <=> N2 + O;239;-0.16612865200370386;NH + NO <=> H + N2O;232;0.11050772899658824;NH + O <=> H + NO;270;0.07324742914664097;H + NO + M <=> HNO + M;273;0.06035325667410639;HNO + OH <=> H2O + NO;241;-0.05366618342378217;NH + NO <=> N2 + OH;240;0.04606481959019988;NH + NO <=> H + N2O;220;0.03847228425470022;N + O2 <=> NO + O;227;0.006200758297242509;HO2 + NO <=> NO2 + OH;230;-0.002676091189294345;H + NO2 <=> NO + OH;229;-0.0015517017275570293;NO2 + O <=> NO + O2;228;0.0006307776194101165;NO + O + M <=> NO2 + M;275;-1.2118269135279645e-07;HNO + NO2 <=> HONO + NO;258;-3.303180596912389e-10;NH2 + NO2 <=> H2O + N2O;243;-1.4191801128978686e-10;NH + NO2 <=> N2O + OH;242;-5.709297127108739e-13;HONO + NH <=> NH2 + NO2;257;7.443117543285433e-14;HONO + NH2 <=> NH3 + NO2;;;;239;0.27848036643699553;NH + NO <=> H + N2O;224;-0.12884162376055175;H + N2O <=> N2 + OH;240;-0.07730041688030403;NH + NO <=> H + N2O;226;-0.02196605769838362;N2O (+M) <=> N2 + O (+M);261;-0.00831063480239807;NNH + O <=> H + N2O;225;-0.00031978358790178945;N2O + OH <=> HO2 + N2;223;-0.00014515035308498142;N2O + O <=> 2 NO;222;-0.0001428679419303805;N2O + O <=> N2 + O2;243;7.618331727985328e-06;NH + NO2 <=> N2O + OH;258;6.406451649209613e-07;NH2 + NO2 <=> H2O + N2O
0.28;1.0;0.5;2092.414959878054;0.26416798174107103;0.0014492415764459246;0.028890267948046902;figures_multi_case_rop\bar_ROP_NO_f0.28_uf1.0_ua0.5.png;272;0.1639300590044394;H + HNO <=> H2 + NO;221;0.12424591970543371;N + OH <=> H + NO;219;-0.0941534370779637;N + NO <=> N2 + O;239;-0.0757447872250509;NH + NO <=> H + N2O;232;0.06785955650532399;NH + O <=> H + NO;270;0.04371317572269477;H + NO + M <=> HNO + M;273;0.041237080009638355;HNO + OH <=> H2O + NO;241;-0.025336822101371843;NH + NO <=> N2 + OH;240;0.021044785891526554;NH + NO <=> H + N2O;220;0.020592719868118795;N + O2 <=> NO + O;227;0.002910236787490013;HO2 + NO <=> NO2 + OH;230;-0.0009436170688286265;H + NO2 <=> NO + OH;229;-0.0008507686825949078;NO2 + O <=> NO + O2;228;0.00033344459738311424;NO + O + M <=> NO2 + M;275;-5.3996315872167466e-08;HNO + NO2 <=> HONO + NO;258;-3.069099332714224e-11;NH2 + NO2 <=> H2O + N2O;243;-2.995841978277806e-11;NH + NO2 <=> N2O + OH;242;-4.5053584977411983e-14;HONO + NH <=> NH2 + NO2;257;6.670515556299488e-15;HONO + NH2 <=> NH3 + NO2;;;;239;0.19893804456461736;NH + NO <=> H + N2O;224;-0.08678709368794095;H + N2O <=> N2 + OH;240;-0.055348783044604694;NH + NO <=> H + N2O;226;-0.02141918869755345;N2O (+M) <=> N2 + O (+M);261;-0.006130302764107324;NNH + O <=> H + N2O;225;-0.00022233430436317692;N2O + OH <=> HO2 + N2;223;-7.442618787976027e-05;N2O + O <=> 2 NO;222;-7.036688746533695e-05;N2O + O <=> N2 + O2;243;4.336409076892584e-06;NH + NO2 <=> N2O + OH;258;3.8254826734346514e-07;NH2 + NO2 <=> H2O + N2O
0.28;1.0;1.0;2079.995078745969;0.3301133919769549;0.0023689428285808486;0.036103320855506826;figures_multi_case_rop\bar_ROP_NO_f0.28_uf1.0_ua1.0.png;272;0.18789019874722854;H + HNO <=> H2 + NO;221;0.1173356364230247;N + OH <=> H + NO;232;0.08473396623404345;NH + O <=> H + NO;219;-0.07902841767134734;N + NO <=> N2 + O;239;-0.06031529333033878;NH + NO <=> H + N2O;273;0.049476194311830944;HNO + OH <=> H2O + NO;270;0.026927654451227304;H + NO + M <=> HNO + M;220;0.022047476139784895;N + O2 <=> NO + O;241;-0.020642552523031713;NH + NO <=> N2 + OH;240;0.016715040880315064;NH + NO <=> H + N2O;227;0.010990079930499637;HO2 + NO <=> NO2 + OH;230;-0.007403330916829135;H + NO2 <=> NO + OH;229;-0.0023632678675504708;NO2 + O <=> NO + O2;228;0.0011457338473830673;NO + O + M <=> NO2 + M;275;-2.7147431601063923e-07;HNO + NO2 <=> HONO + NO;243;-4.695744612445071e-10;NH + NO2 <=> N2O + OH;258;-2.196092808645247e-10;NH2 + NO2 <=> H2O + N2O;242;-1.5121376618539983e-12;HONO + NH <=> NH2 + NO2;257;8.964020207428237e-14;HONO + NH2 <=> NH3 + NO2;;;;239;0.2456205576423616;NH + NO <=> H + N2O;224;-0.10900184649302315;H + N2O <=> N2 + OH;240;-0.0682716559702821;NH + NO <=> H + N2O;226;-0.024403675016434086;N2O (+M) <=> N2 + O (+M);261;-0.007432225068487255;NNH + O <=> H + N2O;225;-0.00024397058452538774;N2O + OH <=> HO2 + N2;223;-8.668572528159723e-05;N2O + O <=> 2 NO;222;-8.332680611301336e-05;N2O + O <=> N2 + O2;243;5.6307040593774884e-06;NH + NO2 <=> N2O + OH;258;5.181732324434586e-07;NH2 + NO2 <=> H2O + N2O
0.28;1.0;1.5;2056.973064489769;0.3367220678172803;0.002956423824940304;0.041894686959803945;figures_multi_case_rop\bar_ROP_NO_f0.28_uf1.0_ua1.5.png;272;0.18837262899263663;H + HNO <=> H2 + NO;221;0.09696458470145299;N + OH <=> H + NO;232;0.08688486517468774;NH + O <=> H + NO;219;-0.06236585490119803;N + NO <=> N2 + O;273;0.051760720333804376;HNO + OH <=> H2O + NO;239;-0.04732544346129789;NH + NO <=> H + N2O;220;0.021444284083030656;N + O2 <=> NO + O;241;-0.01655553958980153;NH + NO <=> N2 + OH;240;0.013070439009413562;NH + NO <=> H + N2O;270;0.012875782089465375;H + NO + M <=> HNO + M;227;0.0061055140525384365;HO2 + NO <=> NO2 + OH;230;-0.0022663270691441035;H + NO2 <=> NO + OH;229;-0.0015114919479779151;NO2 + O <=> NO + O2;228;0.0006288325749598362;NO + O + M <=> NO2 + M;275;-1.0317066164951669e-07;HNO + NO2 <=> HONO + NO;258;-4.860114523250283e-10;NH2 + NO2 <=> H2O + N2O;243;-1.2842636035559477e-10;NH + NO2 <=> N2O + OH;242;-4.289749408697613e-13;HONO + NH <=> NH2 + NO2;257;9.248709650143708e-14;HONO + NH2 <=> NH3 + NO2;;;;239;0.2786545924984841;NH + NO <=> H + N2O;224;-0.12562942423964757;H + N2O <=> N2 + OH;240;-0.07730217771034983;NH + NO <=> H + N2O;226;-0.02540992495419788;N2O (+M) <=> N2 + O (+M);261;-0.00796980293599975;NNH + O <=> H + N2O;225;-0.00025859150094744267;N2O + OH <=> HO2 + N2;223;-9.930707449455179e-05;N2O + O <=> 2 NO;222;-9.880153554442552e-05;N2O + O <=> N2 + O2;243;7.401680310815608e-06;NH + NO2 <=> N2O + OH;258;7.227321904592054e-07;NH2 + NO2 <=> H2O + N2O
0.28;1.5;0.5;2081.887956618687;0.2602692481111277;0.002106236692507193;0.03450967191824731;figures_multi_case_rop\bar_ROP_NO_f0.28_uf1.5_ua0.5.png;272;0.14089654820616673;H + HNO <=> H2 + NO;221;0.08750495372549746;N + OH <=> H + NO;232;0.06453501874895566;NH + O <=> H + NO;219;-0.053604473121105056;N + NO <=> N2 + O;273;0.039325477267088634;HNO + OH <=> H2O + NO;239;-0.03900237239306623;NH + NO <=> H + N2O;220;0.016251618942017612;N + O2 <=> NO + O;270;0.01584536381529562;H + NO + M <=> HNO + M;241;-0.013668934352972681;NH + NO <=> N2 + OH;240;0.0108048099519406;NH + NO <=> H + N2O;227;0.0059921590012837105;HO2 + NO <=> NO2 + OH;230;-0.002963826555737572;H + NO2 <=> NO + OH;229;-0.001559908417538877;NO2 + O <=> NO + O2;228;0.0006379506531907988;NO + O + M <=> NO2 + M;275;-1.3764881484438224e-07;HNO + NO2 <=> HONO + NO;258;-1.8719228293595557e-10;NH2 + NO2 <=> H2O + N2O;243;-1.521245963818973e-10;NH + NO2 <=> N2O + OH;242;-6.127365531801325e-13;HONO + NH <=> NH2 + NO2;257;5.3592543993774655e-14;HONO + NH2 <=> NH3 + NO2;;;;239;0.24126416884159485;NH + NO <=> H + N2O;224;-0.10895549929826268;H + N2O <=> N2 + OH;240;-0.06708960898489756;NH + NO <=> H + N2O;226;-0.022719794621886655;N2O (+M) <=> N2 + O (+M);261;-0.0075326917343114174;NNH + O <=> H + N2O;225;-0.0002652415752719922;N2O + OH <=> HO2 + N2;223;-0.00010119601625904497;N2O + O <=> 2 NO;222;-9.654334984487302e-05;N2O + O <=> N2 + O2;243;5.602223527102833e-06;NH + NO2 <=> N2O + OH;258;4.764338595795008e-07;NH2 + NO2 <=> H2O + N2O
0.28;1.5;1.0;2061.876282071822;0.3455673362772464;0.002688975504823866;0.04489363822515897;figures_multi_case_rop\bar_ROP_NO_f0.28_uf1.5_ua1.0.png;272;0.3404422239857902;H + HNO <=> H2 + NO;219;-0.2342584796855232;N + NO <=> N2 + O;221;0.22103735795674304;N + OH <=> H + NO;239;-0.22026255722348365;NH + NO <=> H + N2O;232;0.12441597990087676;NH + O <=> H + NO;270;0.08832942452027974;H + NO + M <=> HNO + M;241;-0.0702564252384606;NH + NO <=> N2 + OH;273;0.06605576659913025;HNO + OH <=> H2O + NO;240;0.06110532351239989;NH + NO <=> H + N2O;220;0.04301648599566319;N + O2 <=> NO + O;227;0.0051335733889773085;HO2 + NO <=> NO2 + OH;230;-0.0016908655660993741;H + NO2 <=> NO + OH;229;-0.0013081307638413463;NO2 + O <=> NO + O2;228;0.0005544806277067217;NO + O + M <=> NO2 + M;275;-8.135118758089741e-08;HNO + NO2 <=> HONO + NO;258;-7.121637928860418e-10;NH2 + NO2 <=> H2O + N2O;243;-1.181183937222405e-10;NH + NO2 <=> N2O + OH;242;-5.779585059940157e-13;HONO + NH <=> NH2 + NO2;257;1.282818660389576e-13;HONO + NH2 <=> NH3 + NO2;;;;239;0.30175066509134946;NH + NO <=> H + N2O;224;-0.13891244870650613;H + N2O <=> N2 + OH;240;-0.08377174487556542;NH + NO <=> H + N2O;226;-0.02456622640453635;N2O (+M) <=> N2 + O (+M);261;-0.009018477858341626;NNH + O <=> H + N2O;225;-0.0003195085625295523;N2O + OH <=> HO2 + N2;223;-0.00013999348853019125;N2O + O <=> 2 NO;222;-0.00013744662935030166;N2O + O <=> N2 + O2;243;8.114413224670114e-06;NH + NO2 <=> N2O + OH;258;7.052459444036691e-07;NH2 + NO2 <=> H2O + N2O
0.28;1.5;1.5;2050.4852220917733;0.46840501826448266;0.0032056721378296;0.051244757032472874;figures_multi_case_rop\bar_ROP_NO_f0.28_uf1.5_ua1.5.png;272;0.34974567188203076;H + HNO <=> H2 + NO;221;0.21634949810715048;N + OH <=> H + NO;219;-0.1969698159022616;N + NO <=> N2 + O;239;-0.16546721820449795;NH + NO <=> H + N2O;232;0.14148230377126625;NH + O <=> H + NO;273;0.07174192203677897;HNO + OH <=> H2O + NO;270;0.06304921197184779;H + NO + M <=> HNO + M;241;-0.05409102104257239;NH + NO <=> N2 + OH;220;0.04640100944112829;N + O2 <=> NO + O;240;0.04580768582255033;NH + NO <=> H + N2O;227;0.006026681310204998;HO2 + NO <=> NO2 + OH;230;-0.0019723477934763018;H + NO2 <=> NO + OH;229;-0.0014421721709004943;NO2 + O <=> NO + O2;228;0.0005935928037043598;NO + O + M <=> NO2 + M;275;-8.134205582501278e-08;HNO + NO2 <=> HONO + NO;258;-5.535346180389853e-10;NH2 + NO2 <=> H2O + N2O;243;-1.1590100356210518e-10;NH + NO2 <=> N2O + OH;242;-2.9493131591648336e-13;HONO + NH <=> NH2 + NO2;257;8.34164837396859e-14;HONO + NH2 <=> NH3 + NO2;;;;239;0.34797504290602965;NH + NO <=> H + N2O;224;-0.16605868309706984;H + N2O <=> N2 + OH;240;-0.0965135764667773;NH + NO <=> H + N2O;226;-0.023017482769742234;N2O (+M) <=> N2 + O (+M);261;-0.010345532986266686;NNH + O <=> H + N2O;225;-0.0003908742276817253;N2O + OH <=> HO2 + N2;223;-0.00020788277458928068;N2O + O <=> 2 NO;222;-0.00020751352324245275;N2O + O <=> N2 + O2;243;1.0408887924369995e-05;NH + NO2 <=> N2O + OH;258;8.510838883887019e-07;NH2 + NO2 <=> H2O + N2O
0.5;2.0;2.0;2031.8990630657051;0.29801078161434286;0.0025713726184801;0.0176484664806099;figures_multi_case_rop\bar_ROP_NO_f0.5_uf2.0_ua2.0.png;221;0.23866551242831244;N + OH <=> H + NO;272;0.1895263740425688;H + HNO <=> H2 + NO;219;-0.15118977204703404;N + NO <=> N2 + O;232;0.0645009763677198;NH + O <=> H + NO;239;-0.060842901696322754;NH + NO <=> H + N2O;241;-0.020241498900987722;NH + NO <=> N2 + OH;273;0.018942580562894374;HNO + OH <=> H2O + NO;220;0.018121581437498428;N + O2 <=> NO + O;240;0.016849148699959383;NH + NO <=> H + N2O;262;-0.00929188142453156;NNH + O <=> NH + NO;227;0.009049946696919775;HO2 + NO <=> NO2 + OH;230;-0.005321446130649284;H + NO2 <=> NO + OH;229;-0.0017487038011389146;NO2 + O <=> NO + O2;228;0.0005916262231209797;NO + O + M <=> NO2 + M;275;-5.0123118945505725e-08;HNO + NO2 <=> HONO + NO;243;-1.9890036146915293e-10;NH + NO2 <=> N2O + OH;258;-4.770641476000871e-11;NH2 + NO2 <=> H2O + N2O;242;-4.9255484306628456e-14;HONO + NH <=> NH2 + NO2;257;2.520475842816888e-15;HONO + NH2 <=> NH3 + NO2;;;;239;0.1518393773197765;NH + NO <=> H + N2O;224;-0.08080327608694207;H + N2O <=> N2 + OH;240;-0.04188963007477795;NH + NO <=> H + N2O;226;-0.007183514402438131;N2O (+M) <=> N2 + O (+M);261;-0.004217895061072371;NNH + O <=> H + N2O;225;-6.384257203715474e-05;N2O + OH <=> HO2 + N2;222;-1.7609714024403822e-05;N2O + O <=> N2 + O2;223;-1.6010628769395854e-05;N2O + O <=> 2 NO;243;8.025410658445711e-07;NH + NO2 <=> N2O + OH;258;6.515982902273936e-08;NH2 + NO2 <=> H2O + N2O
0.5;2.0;5.0;2000.648319049053;0.4561340679882874;0.003128493994576685;0.030549894892324337;figures_multi_case_rop\bar_ROP_NO_f0.5_uf2.0_ua5.0.png;221;0.427385581554246;N + OH <=> H + NO;272;0.32693904967111576;H + HNO <=> H2 + NO;219;-0.3207697208287202;N + NO <=> N2 + O;239;-0.12035348317858634;NH + NO <=> H + N2O;232;0.11350882026131484;NH + O <=> H + NO;220;0.04234932906435363;N + O2 <=> NO + O;241;-0.03948610633515187;NH + NO <=> N2 + OH;240;0.033241634869367105;NH + NO <=> H + N2O;273;0.02538982207952879;HNO + OH <=> H2O + NO;262;-0.017230781195138815;NNH + O <=> NH + NO;227;0.004470713292026579;HO2 + NO <=> NO2 + OH;229;-0.000869242707346914;NO2 + O <=> NO + O2;230;-0.0007650918451132483;H + NO2 <=> NO + OH;228;0.0002921204941085674;NO + O + M <=> NO2 + M;275;-5.117589033392907e-09;HNO + NO2 <=> HONO + NO;258;-7.198470916207414e-11;NH2 + NO2 <=> H2O + N2O;243;-4.952507170791158e-11;NH + NO2 <=> N2O + OH;257;1.1851120838202552e-15;HONO + NH2 <=> NH3 + NO2;;;;;;;239;0.27081786997447;NH + NO <=> H + N2O;224;-0.15037831732118428;H + N2O <=> N2 + OH;240;-0.07468463641273422;NH + NO <=> H + N2O;261;-0.007637271781961827;NNH + O <=> H + N2O;226;-0.007333419750075064;N2O (+M) <=> N2 + O (+M);225;-0.00012229822471938203;N2O + OH <=> HO2 + N2;222;-6.0004709912635354e-05;N2O + O <=> N2 + O2;223;-5.4187472079659145e-05;N2O + O <=> 2 NO;243;2.030213438928131e-06;NH + NO2 <=> N2O + OH;258;1.3037708248353033e-07;NH2 + NO2 <=> H2O + N2O
0.5;2.0;10.0;1902.3182838644368;0.803528738722691;0.009527995216586264;0.057654950926064714;figures_multi_case_rop\bar_ROP_NO_f0.5_uf2.0_ua10.0.png;272;0.6099025639935778;H + HNO <=> H2 + NO;221;0.6064147549837181;N + OH <=> H + NO;219;-0.5067621666185982;N + NO <=> N2 + O;232;0.2379522547949351;NH + O <=> H + NO;239;-0.19399205848835582;NH + NO <=> H + N2O;220;0.09073638797667294;N + O2 <=> NO + O;241;-0.06153020090115117;NH + NO <=> N2 + OH;240;0.05309012672968862;NH + NO <=> H + N2O;273;0.04116364882266459;HNO + OH <=> H2O + NO;270;-0.024759376933540682;H + NO + M <=> HNO + M;227;0.014975312388454476;HO2 + NO <=> NO2 + OH;230;-0.004406148738977827;H + NO2 <=> NO + OH;229;-0.0016566116161602481;NO2 + O <=> NO + O2;228;0.000615475251150943;NO + O + M <=> NO2 + M;275;-2.1700488833105266e-08;HNO + NO2 <=> HONO + NO;258;-8.919866915247933e-09;NH2 + NO2 <=> H2O + N2O;243;-1.447375442305e-09;NH + NO2 <=> N2O + OH;242;-2.692246376385249e-13;HONO + NH <=> NH2 + NO2;257;1.1933341500579135e-13;HONO + NH2 <=> NH3 + NO2;;;;239;0.41672389510234037;NH + NO <=> H + N2O;224;-0.23075084514785718;H + N2O <=> N2 + OH;240;-0.11389737550284813;NH + NO <=> H + N2O;261;-0.00808798960504742;NNH + O <=> H + N2O;226;-0.005988762953907;N2O (+M) <=> N2 + O (+M);225;-0.0001406625684997013;N2O + OH <=> HO2 + N2;222;-0.00011795562146059351;N2O + O <=> N2 + O2;223;-8.996060021857677e-05;N2O + O <=> 2 NO;243;4.287076640561894e-06;NH + NO2 <=> N2O + OH;258;3.207469223865761e-07;NH2 + NO2 <=> H2O + N2O
0.5;5.0;2.0;2010.9094395698457;0.40809088165983753;0.003877259851636427;0.02739763681472964;figures_multi_case_rop\bar_ROP_NO_f0.5_uf5.0_ua2.0.png;221;0.33677475780936783;N + OH <=> H + NO;272;0.25954068934892444;H + HNO <=> H2 + NO;219;-0.22349315121331564;N + NO <=> N2 + O;232;0.09263856986663965;NH + O <=> H + NO;239;-0.08175533456676704;NH + NO <=> H + N2O;220;0.03163885150450646;N + O2 <=> NO + O;241;-0.027279350491382796;NH + NO <=> N2 + OH;273;0.02259792454469994;HNO + OH <=> H2O + NO;240;0.022596640691472353;NH + NO <=> H + N2O;262;-0.012057487613725763;NNH + O <=> NH + NO;227;0.006237901779906191;HO2 + NO <=> NO2 + OH;230;-0.0016011991969367653;H + NO2 <=> NO + OH;229;-0.0011392104255847156;NO2 + O <=> NO + O2;228;0.0003797801692161245;NO + O + M <=> NO2 + M;275;-1.238392779958446e-08;HNO + NO2 <=> HONO + NO;243;-5.419674673494107e-11;NH + NO2 <=> N2O + OH;258;-3.68384038291876e-11;NH2 + NO2 <=> H2O + N2O;242;-2.1704595890922343e-15;HONO + NH <=> NH2 + NO2;;;;;;;239;0.22406170096910866;NH + NO <=> H + N2O;224;-0.12138667760890896;H + N2O <=> N2 + OH;240;-0.06173746130006682;NH + NO <=> H + N2O;226;-0.00737986488307559;N2O (+M) <=> N2 + O (+M);261;-0.006007676396010229;NNH + O <=> H + N2O;225;-8.946488037711773e-05;N2O + OH <=> HO2 + N2;222;-3.408287678149721e-05;N2O + O <=> N2 + O2;223;-3.0292739394875642e-05;N2O + O <=> 2 NO;243;1.3568987644875435e-06;NH + NO2 <=> N2O + OH;258;9.963147160040418e-08;NH2 + NO2 <=> H2O + N2O
0.5;5.0;5.0;1967.6207393360273;0.5873793266525751;0.0066005950153307505;0.03997558373630211;figures_multi_case_rop\bar_ROP_NO_f0.5_uf5.0_ua5.0.png;221;0.4327002869924477;N + OH <=> H + NO;272;0.36864929763934956;H + HNO <=> H2 + NO;219;-0.2913745343170127;N + NO <=> N2 + O;232;0.14408673875952901;NH + O <=> H + NO;239;-0.10041518486056172;NH + NO <=> H + N2O;220;0.052744089416521825;N + O2 <=> NO + O;241;-0.033332726688411043;NH + NO <=> N2 + OH;273;0.02934620172499676;HNO + OH <=> H2O + NO;240;0.027636922537548576;NH + NO <=> H + N2O;270;-0.017428588509650948;H + NO + M <=> HNO + M;227;0.015550234938718642;HO2 + NO <=> NO2 + OH;230;-0.00781018633759226;H + NO2 <=> NO + OH;229;-0.001840376346370816;NO2 + O <=> NO + O2;228;0.0007009559287119607;NO + O + M <=> NO2 + M;275;-3.217421201445555e-08;HNO + NO2 <=> HONO + NO;258;-6.649062261732925e-10;NH2 + NO2 <=> H2O + N2O;243;-3.2892904135067457e-10;NH + NO2 <=> N2O + OH;242;-1.0179123247456265e-13;HONO + NH <=> NH2 + NO2;257;1.2296941526691716e-14;HONO + NH2 <=> NH3 + NO2;;;;239;0.3002950133558804;NH + NO <=> H + N2O;224;-0.1638583879595423;H + N2O <=> N2 + OH;240;-0.08241749370043162;NH + NO <=> H + N2O;226;-0.006937756238001591;N2O (+M) <=> N2 + O (+M);261;-0.006914712996834569;NNH + O <=> H + N2O;225;-9.972536674299697e-05;N2O + OH <=> HO2 + N2;222;-5.128673525572835e-05;N2O + O <=> N2 + O2;223;-4.235485171863679e-05;N2O + O <=> 2 NO;243;2.1256517098404463e-06;NH + NO2 <=> N2O + OH;258;1.6257723932612683e-07;NH2 + NO2 <=> H2O + N2O
0.5;5.0;10.0;1882.4067303999802;0.9109911524235021;0.010745902833461834;0.06631030790631327;figures_multi_case_rop\bar_ROP_NO_f0.5_uf5.0_ua10.0.png;272;0.7073905061469188;H + HNO <=> H2 + NO;221;0.6636108995554697;N + OH <=> H + NO;219;-0.5792422238339359;N + NO <=> N2 + O;232;0.28096155213777835;NH + O <=> H + NO;239;-0.22140387738195452;NH + NO <=> H + N2O;220;0.11027731175934488;N + O2 <=> NO + O;241;-0.06971633333663568;NH + NO <=> N2 + OH;240;0.06047544319405776;NH + NO <=> H + N2O;273;0.04519075780888121;HNO + OH <=> H2O + NO;270;-0.0319919376871856;H + NO + M <=> HNO + M;227;0.02900897471044439;HO2 + NO <=> NO2 + OH;230;-0.016857075266405355;H + NO2 <=> NO + OH;229;-0.0025188936280154776;NO2 + O <=> NO + O2;228;0.001112962260926458;NO + O + M <=> NO2 + M;275;-4.217317915817923e-08;HNO + NO2 <=> HONO + NO;258;-1.866418300820714e-08;NH2 + NO2 <=> H2O + N2O;243;-4.405107329441068e-09;NH + NO2 <=> N2O + OH;242;-1.288002125737602e-12;HONO + NH <=> NH2 + NO2;257;2.6931645502823857e-13;HONO + NH2 <=> NH3 + NO2;;;;239;0.4677290602293484;NH + NO <=> H + N2O;224;-0.2593255012063213;H + N2O <=> N2 + OH;240;-0.12762339008739218;NH + NO <=> H + N2O;261;-0.00840692113972566;NNH + O <=> H + N2O;226;-0.005663398373657412;N2O (+M) <=> N2 + O (+M);225;-0.00014977945595666685;N2O + OH <=> HO2 + N2;222;-0.00014700035139616642;N2O + O <=> N2 + O2;223;-0.00010850150387301347;N2O + O <=> 2 NO;243;5.3340200000334915e-06;NH + NO2 <=> N2O + OH;258;4.0577528725370154e-07;NH2 + NO2 <=> H2O + N2O
0.5;10.0;2.0;1953.4827280078318;0.5961128743979526;0.006117780493217911;0.03932449098214674;figures_multi_case_rop\bar_ROP_NO_f0.5_uf10.0_ua2.0.png;221;0.4856636217136516;N + OH <=> H + NO;272;0.41615832772066863;H + HNO <=> H2 + NO;219;-0.3669725707738045;N + NO <=> N2 + O;232;0.15672387207189065;NH + O <=> H + NO;239;-0.13380424405433222;NH + NO <=> H + N2O;220;0.06099200867425759;N + O2 <=> NO + O;241;-0.0436637056833449;NH + NO <=> N2 + OH;240;0.036799155365810146;NH + NO <=> H + N2O;273;0.03102072837597856;HNO + OH <=> H2O + NO;262;-0.01748172910238907;NNH + O <=> NH + NO;227;0.01834629981852167;HO2 + NO <=> NO2 + OH;230;-0.010977442318862244;H + NO2 <=> NO + OH;229;-0.002091554167794609;NO2 + O <=> NO + O2;228;0.0008405238903082163;NO + O + M <=> NO2 + M;275;-4.541461882974242e-08;HNO + NO2 <=> HONO + NO;258;-8.520709961958891e-10;NH2 + NO2 <=> H2O + N2O;243;-4.6206559651614654e-10;NH + NO2 <=> N2O + OH;242;-2.1882258517555758e-13;HONO + NH <=> NH2 + NO2;257;1.9124639804805642e-14;HONO + NH2 <=> NH3 + NO2;;;;239;0.3360718151506645;NH + NO <=> H + N2O;224;-0.1893968827254134;H + N2O <=> N2 + OH;240;-0.09230982244107551;NH + NO <=> H + N2O;261;-0.008169897775113833;NNH + O <=> H + N2O;226;-0.006562224382947837;N2O (+M) <=> N2 + O (+M);225;-0.0001407033639030408;N2O + OH <=> HO2 + N2;222;-9.301617151396059e-05;N2O + O <=> N2 + O2;223;-7.797981973336855e-05;N2O + O <=> 2 NO;243;3.002845250548702e-06;NH + NO2 <=> N2O + OH;258;1.9966593269414104e-07;NH2 + NO2 <=> H2O + N2O
0.5;10.0;5.0;1912.6090394468297;0.8361736935180762;0.006697052748803875;0.05421961819645357;figures_multi_case_rop\bar_ROP_NO_f0.5_uf10.0_ua5.0.png;221;0.6264266924342813;N + OH <=> H + NO;272;0.6037312981953891;H + HNO <=> H2 + NO;219;-0.49824899844785175;N + NO <=> N2 + O;232;0.23811312194852327;NH + O <=> H + NO;239;-0.18408970444812486;NH + NO <=> H + N2O;220;0.08786176741426142;N + O2 <=> NO + O;241;-0.058778521269684594;NH + NO <=> N2 + OH;240;0.0504270844068052;NH + NO <=> H + N2O;273;0.04128194905104495;HNO + OH <=> H2O + NO;270;-0.024655674886704768;H + NO + M <=> HNO + M;227;0.009101918287250071;HO2 + NO <=> NO2 + OH;230;-0.001727691711650214;H + NO2 <=> NO + OH;229;-0.001094176814614204;NO2 + O <=> NO + O2;228;0.0004170145381859555;NO + O + M <=> NO2 + M;275;-7.966010672526374e-09;HNO + NO2 <=> HONO + NO;258;-3.1284078034787073e-09;NH2 + NO2 <=> H2O + N2O;243;-4.5595766573254845e-10;NH + NO2 <=> N2O + OH;257;3.5700147552962055e-14;HONO + NH2 <=> NH3 + NO2;242;-2.7291513203605825e-14;HONO + NH <=> NH2 + NO2;;;;239;0.41862987442704974;NH + NO <=> H + N2O;224;-0.23479207294951587;H + N2O <=> N2 + OH;240;-0.1145498340887354;NH + NO <=> H + N2O;261;-0.00862034705185898;NNH + O <=> H + N2O;226;-0.0060856111615395425;N2O (+M) <=> N2 + O (+M);225;-0.00014847034130027894;N2O + OH <=> HO2 + N2;222;-0.00012266398720533792;N2O + O <=> N2 + O2;223;-9.565252316654837e-05;N2O + O <=> 2 NO;243;4.103769217187116e-06;NH + NO2 <=> N2O + OH;258;2.921035086089043e-07;NH2 + NO2 <=> H2O + N2O
0.5;10.0;10.0;1868.5335689983183;0.7927707555920499;0.01042602056439778;0.07543773234190648;figures_multi_case_rop\bar_ROP_NO_f0.5_uf10.0_ua10.0.png;272;0.478775991467652;H + HNO <=> H2 + NO;221;0.2591722196921604;N + OH <=> H + NO;232;0.20184886930615328;NH + O <=> H + NO;219;-0.12694643294043603;N + NO <=> N2 + O;270;-0.0796191375194513;H + NO + M <=> HNO + M;220;0.05669195774139098;N + O2 <=> NO + O;273;0.04424484221886177;HNO + OH <=> H2O + NO;239;-0.04225181656163467;NH + NO <=> H + N2O;230;0.03368264326201432;H + NO2 <=> NO + OH;228;-0.027576603705689127;NO + O + M <=> NO2 + M;227;0.014018328656941557;HO2 + NO <=> NO2 + OH;230;-0.0028584016491727286;H + NO2 <=> NO + OH;229;-0.001268230334600997;NO2 + O <=> NO + O2;228;0.0005343864365154892;NO + O + M <=> NO2 + M;258;-4.751718590337773e-08;NH2 + NO2 <=> H2O + N2O;275;-9.232551455427345e-09;HNO + NO2 <=> HONO + NO;243;-5.79589886213537e-09;NH + NO2 <=> N2O + OH;257;5.193631806163978e-13;HONO + NH2 <=> NH3 + NO2;242;-1.6868191676324787e-13;HONO + NH <=> NH2 + NO2;;;;239;0.45081024416195664;NH + NO <=> H + N2O;224;-0.2413460517718821;H + N2O <=> N2 + OH;240;-0.12242650098893823;NH + NO <=> H + N2O;261;-0.006419429337379965;NNH + O <=> H + N2O;226;-0.004917369925199506;N2O (+M) <=> N2 + O (+M);222;-0.00010354689143217172;N2O + O <=> N2 + O2;225;-9.687002832175703e-05;N2O + OH <=> HO2 + N2;223;-6.957038122725304e-05;N2O + O <=> 2 NO;243;6.2377161901159996e-06;NH + NO2 <=> N2O + OH;258;5.897881407063561e-07;NH2 + NO2 <=> H2O + N2O
0.75;10.0;10.0;1796.4383688399741;0.3975160796252381;0.004122656856333462;0.01547907368467975;figures_multi_case_rop\bar_ROP_NO_f0.75_uf10.0_ua10.0.png;221;0.45378347118099377;N + OH <=> H + NO;219;-0.2446327199454901;N + NO <=> N2 + O;272;0.18927926558158067;H + HNO <=> H2 + NO;232;0.05656539786608004;NH + O <=> H + NO;270;-0.050758820978763323;H + NO + M <=> HNO + M;239;-0.03343795694635753;NH + NO <=> H + N2O;220;0.030377869417888975;N + O2 <=> NO + O;241;-0.010489717807437068;NH + NO <=> N2 + OH;240;0.009056537643782068;NH + NO <=> H + N2O;273;0.005144798689208991;HNO + OH <=> H2O + NO;227;0.007317371135523778;HO2 + NO <=> NO2 + OH;230;-0.002843858695806743;H + NO2 <=> NO + OH;229;-0.0005597804363583515;NO2 + O <=> NO + O2;228;0.00020892697211671556;NO + O + M <=> NO2 + M;275;-1.6680622407524494e-09;HNO + NO2 <=> HONO + NO;258;-2.9913232032083655e-10;NH2 + NO2 <=> H2O + N2O;243;-1.5194352382124088e-10;NH + NO2 <=> N2O + OH;242;-4.46075137500601e-15;HONO + NH <=> NH2 + NO2;;;;;;;239;0.09855909612035507;NH + NO <=> H + N2O;224;-0.05592509802063129;H + N2O <=> N2 + OH;240;-0.02627494572645111;NH + NO <=> H + N2O;261;-0.0006521217702334111;NNH + O <=> H + N2O;226;-0.00020988760338985497;N2O (+M) <=> N2 + O (+M);222;-7.804355973424496e-06;N2O + O <=> N2 + O2;225;-6.806034479804678e-06;N2O + OH <=> HO2 + N2;223;-3.535346787253132e-06;N2O + O <=> 2 NO;243;1.6204593322496583e-07;NH + NO2 <=> N2O + OH;258;1.4376337599149287e-08;NH2 + NO2 <=> H2O + N2O
0.75;10.0;20.0;1785.9765129842463;0.5105556312054252;0.005237118518040721;0.025661542629664393;figures_multi_case_rop\bar_ROP_NO_f0.75_uf10.0_ua20.0.png;221;0.29288770027171795;N + OH <=> H + NO;272;0.23686991886418202;H + HNO <=> H2 + NO;232;0.08994796492704482;NH + O <=> H + NO;270;-0.07519530651421744;H + NO + M <=> HNO + M;219;-0.07207562060527321;N + NO <=> N2 + O;220;0.03579581063906245;N + O2 <=> NO + O;230;0.013979413055414698;H + NO2 <=> NO + OH;228;-0.012099260700375043;NO + O + M <=> NO2 + M;273;0.01147946062690936;HNO + OH <=> H2O + NO;239;-0.009884525575212692;NH + NO <=> H + N2O;227;0.00912890378534642;HO2 + NO <=> NO2 + OH;230;-0.003581934388613473;H + NO2 <=> NO + OH;229;-0.0005529734994066276;NO2 + O <=> NO + O2;228;0.00024312427310235548;NO + O + M <=> NO2 + M;275;-1.0542915560847122e-09;HNO + NO2 <=> HONO + NO;258;-3.4156157502429956e-10;NH2 + NO2 <=> H2O + N2O;243;-2.565336193263135e-10;NH + NO2 <=> N2O + OH;242;-1.6811229942351765e-15;HONO + NH <=> NH2 + NO2;;;;;;;239;0.14607856597805352;NH + NO <=> H + N2O;224;-0.08053760333633435;H + N2O <=> N2 + OH;240;-0.038857505262592545;NH + NO <=> H + N2O;261;-0.0007867602040139273;NNH + O <=> H + N2O;226;-0.0002048698280565932;N2O (+M) <=> N2 + O (+M);222;-1.5439673901764713e-05;N2O + O <=> N2 + O2;225;-8.591619905052462e-06;N2O + OH <=> HO2 + N2;223;-6.654081801123701e-06;N2O + O <=> 2 NO;243;3.669925702632429e-07;NH + NO2 <=> N2O + OH;258;3.366564595756384e-08;NH2 + NO2 <=> H2O + N2O
0.75;10.0;30.0;1733.1078872219641;0.7361734081789445;0.006621774043248077;0.035336441667672726;figures_multi_case_rop\bar_ROP_NO_f0.75_uf10.0_ua30.0.png;272;0.36585251938989205;H + HNO <=> H2 + NO;221;0.3549641795958703;N + OH <=> H + NO;232;0.14411439063021012;NH + O <=> H + NO;270;-0.10019580958100341;H + NO + M <=> HNO + M;219;-0.09357846060650984;N + NO <=> N2 + O;220;0.05757985548762273;N + O2 <=> NO + O;230;0.024234061736558805;H + NO2 <=> NO + OH;228;-0.020725838941426655;NO + O + M <=> NO2 + M;273;0.01743241232348261;HNO + OH <=> H2O + NO;239;-0.01375304125113777;NH + NO <=> H + N2O;227;0.019445874932177698;HO2 + NO <=> NO2 + OH;230;-0.012438064031230104;H + NO2 <=> NO + OH;229;-0.0008872313337268312;NO2 + O <=> NO + O2;228;0.0005012022504801845;NO + O + M <=> NO2 + M;258;-3.545677049554664e-09;NH2 + NO2 <=> H2O + N2O;275;-2.5295082976521857e-09;HNO + NO2 <=> HONO + NO;243;-1.6992353377726571e-09;NH + NO2 <=> N2O + OH;242;-3.849464777969269e-14;HONO + NH <=> NH2 + NO2;257;6.3074150187187585e-15;HONO + NH2 <=> NH3 + NO2;;;;239;0.16639548667092555;NH + NO <=> H + N2O;224;-0.0864014187886852;H + N2O <=> N2 + OH;240;-0.0439689512523137;NH + NO <=> H + N2O;261;-0.0005182168825127784;NNH + O <=> H + N2O;226;-0.000137026363062431;N2O (+M) <=> N2 + O (+M);222;-1.9975925892804363e-05;N2O + O <=> N2 + O2;223;-7.378567091562442e-06;N2O + O <=> 2 NO;225;-6.722940836870273e-06;N2O + OH <=> HO2 + N2;243;5.820984542676158e-07;NH + NO2 <=> N2O + OH;258;6.361868825013843e-08;NH2 + NO2 <=> H2O + N2O
0.75;20.0;10.0;1801.5243927086133;0.4069233241972366;0.004323694832704345;0.0201080397707932;figures_multi_case_rop\bar_ROP_NO_f0.75_uf20.0_ua10.0.png;221;0.26165015565884703;N + OH <=> H + NO;272;0.18326891773134882;H + HNO <=> H2 + NO;232;0.0653097423299013;NH + O <=> H + NO;219;-0.06529009523245914;N + NO <=> N2 + O;270;-0.06409092712141698;H + NO + M <=> HNO + M;220;0.0266075273899634;N + O2 <=> NO + O;230;0.009495875927540176;H + NO2 <=> NO + OH;239;-0.008537292785658603;NH + NO <=> H + N2O;273;0.008379350829210251;HNO + OH <=> H2O + NO;228;-0.00823790113829319;NO + O + M <=> NO2 + M;227;0.010659740567589067;HO2 + NO <=> NO2 + OH;230;-0.006012789451143343;H + NO2 <=> NO + OH;229;-0.0006041040237899207;NO2 + O <=> NO + O2;228;0.0002808500457911279;NO + O + M <=> NO2 + M;275;-1.9415162187908727e-09;HNO + NO2 <=> HONO + NO;258;-1.9917577254045564e-10;NH2 + NO2 <=> H2O + N2O;243;-1.650467650900172e-10;NH + NO2 <=> N2O + OH;242;-4.183271421833904e-15;HONO + NH <=> NH2 + NO2;;;;;;;239;0.12732326190098803;NH + NO <=> H + N2O;224;-0.0721093479967998;H + N2O <=> N2 + OH;240;-0.03398041124121848;NH + NO <=> H + N2O;261;-0.0008657526642332072;NNH + O <=> H + N2O;226;-0.00023324227288389396;N2O (+M) <=> N2 + O (+M);222;-1.2227062204888794e-05;N2O + O <=> N2 + O2;225;-8.850323958117295e-06;N2O + OH <=> HO2 + N2;223;-5.67649589144442e-06;N2O + O <=> 2 NO;243;2.6384046391014246e-07;NH + NO2 <=> N2O + OH;258;2.2086531087819424e-08;NH2 + NO2 <=> H2O + N2O
0.75;20.0;20.0;1753.1252443988178;0.6316052926465533;0.006215217101605532;0.03149148208161454;figures_multi_case_rop\bar_ROP_NO_f0.75_uf20.0_ua20.0.png;221;0.3311097917103674;N + OH <=> H + NO;272;0.30328925359422154;H + HNO <=> H2 + NO;232;0.11793191355815975;NH + O <=> H + NO;270;-0.08915954806775349;H + NO + M <=> HNO + M;219;-0.08432150173991028;N + NO <=> N2 + O;220;0.04799237331147603;N + O2 <=> NO + O;230;0.019201863584938573;H + NO2 <=> NO + OH;228;-0.01649437585086499;NO + O + M <=> NO2 + M;273;0.014389887714377967;HNO + OH <=> H2O + NO;239;-0.01179442130257381;NH + NO <=> H + N2O;227;0.010333684389344603;HO2 + NO <=> NO2 + OH;230;-0.0038490818554891755;H + NO2 <=> NO + OH;229;-0.0005139352397030211;NO2 + O <=> NO + O2;228;0.0002445526628075931;NO + O + M <=> NO2 + M;258;-1.3151973479758429e-09;NH2 + NO2 <=> H2O + N2O;275;-9.372148243533896e-10;HNO + NO2 <=> HONO + NO;243;-6.029400649958733e-10;NH + NO2 <=> N2O + OH;242;-3.961499301626895e-15;HONO + NH <=> NH2 + NO2;257;1.7291927747669475e-15;HONO + NH2 <=> NH3 + NO2;;;;239;0.16560936534515355;NH + NO <=> H + N2O;224;-0.08927820826833607;H + N2O <=> N2 + OH;240;-0.04392540586721088;NH + NO <=> H + N2O;261;-0.0007045219453266512;NNH + O <=> H + N2O;226;-0.0001734786642023896;N2O (+M) <=> N2 + O (+M);222;-2.0177104299094907e-05;N2O + O <=> N2 + O2;225;-8.516393491222354e-06;N2O + OH <=> HO2 + N2;223;-8.13620666098038e-06;N2O + O <=> 2 NO;243;5.11221347706404e-07;NH + NO2 <=> N2O + OH;258;4.9964640583087874e-08;NH2 + NO2 <=> H2O + N2O
0.75;20.0;30.0;1709.3092797389231;0.9741836995417441;0.008179094640563902;0.03976911745186016;figures_multi_case_rop\bar_ROP_NO_f0.75_uf20.0_ua30.0.png;272;0.4892533980566464;H + HNO <=> H2 + NO;221;0.47425625669092364;N + OH <=> H + NO;232;0.19534629779858045;NH + O <=> H + NO;219;-0.1480944106963323;N + NO <=> N2 + O;270;-0.12022158981072391;H + NO + M <=> HNO + M;220;0.08196702450862546;N + O2 <=> NO + O;230;0.02720908309630021;H + NO2 <=> NO + OH;228;-0.02300972114171965;NO + O + M <=> NO2 + M;239;-0.022238094979788136;NH + NO <=> H + N2O;273;0.020530228597225635;HNO + OH <=> H2O + NO;227;0.013240118924316523;HO2 + NO <=> NO2 + OH;230;-0.0048061078883794;H + NO2 <=> NO + OH;229;-0.0005234319571058104;NO2 + O <=> NO + O2;228;0.0002685276702943911;NO + O + M <=> NO2 + M;258;-8.980191715529654e-09;NH2 + NO2 <=> H2O + N2O;243;-2.2807094236558885e-09;NH + NO2 <=> N2O + OH;275;-8.476597383686345e-10;HNO + NO2 <=> HONO + NO;242;-1.1373583226518542e-14;HONO + NH <=> NH2 + NO2;257;1.0448054002914182e-14;HONO + NH2 <=> NH3 + NO2;;;;239;0.16872331664342735;NH + NO <=> H + N2O;224;-0.08406929280574249;H + N2O <=> N2 + OH;240;-0.044404713205377935;NH + NO <=> H + N2O;261;-0.00034964159146343556;NNH + O <=> H + N2O;226;-9.815870986196946e-05;N2O (+M) <=> N2 + O (+M);222;-2.084671576714135e-05;N2O + O <=> N2 + O2;223;-6.991061786991079e-06;N2O + O <=> 2 NO;225;-5.299875117075093e-06;N2O + OH <=> HO2 + N2;243;6.647927181114564e-07;NH + NO2 <=> N2O + OH;258;7.998083175157435e-08;NH2 + NO2 <=> H2O + N2O
0.75;30.0;10.0;1718.757302982639;0.6623530653129994;0.006403696669454673;0.02449316936707807;figures_multi_case_rop\bar_ROP_NO_f0.75_uf30.0_ua10.0.png;221;0.731314339002212;N + OH <=> H + NO;219;-0.4699086540181448;N + NO <=> N2 + O;272;0.3520792129809491;H + HNO <=> H2 + NO;232;0.12108152446917043;NH + O <=> H + NO;270;-0.0817971090646872;H + NO + M <=> HNO + M;220;0.08006351798060216;N + O2 <=> NO + O;239;-0.06285625708164273;NH + NO <=> H + N2O;241;-0.019058118699196627;NH + NO <=> N2 + OH;240;0.016910767910454434;NH + NO <=> H + N2O;273;0.007857433765580261;HNO + OH <=> H2O + NO;227;0.012519727275890749;HO2 + NO <=> NO2 + OH;230;-0.00578861448250931;H + NO2 <=> NO + OH;229;-0.0006134892358870094;NO2 + O <=> NO + O2;228;0.0002860819987524965;NO + O + M <=> NO2 + M;258;-5.371287651852341e-09;NH2 + NO2 <=> H2O + N2O;275;-1.8267134100211616e-09;HNO + NO2 <=> HONO + NO;243;-1.6887581789614508e-09;NH + NO2 <=> N2O + OH;242;-4.1802665664551e-14;HONO + NH <=> NH2 + NO2;257;8.791089392119309e-15;HONO + NH2 <=> NH3 + NO2;;;;239;0.12029236280787911;NH + NO <=> H + N2O;224;-0.06352725206247242;H + N2O <=> N2 + OH;240;-0.03175448626319341;NH + NO <=> H + N2O;261;-0.00039197689541581706;NNH + O <=> H + N2O;226;-0.0001052706054427889;N2O (+M) <=> N2 + O (+M);222;-1.1541820263054074e-05;N2O + O <=> N2 + O2;225;-4.832765124457266e-06;N2O + OH <=> HO2 + N2;223;-4.162407745135608e-06;N2O + O <=> 2 NO;243;2.9654975179101203e-07;NH + NO2 <=> N2O + OH;258;3.282910425203339e-08;NH2 + NO2 <=> H2O + N2O
0.75;30.0;20.0;1725.2076040376614;0.9522555341817985;0.006842194492523771;0.036557177132103096;figures_multi_case_rop\bar_ROP_NO_f0.75_uf30.0_ua20.0.png;221;0.7029138712741865;N + OH <=> H + NO;272;0.45185672506140306;H + HNO <=> H2 + NO;219;-0.3334937530387722;N + NO <=> N2 + O;232;0.1768544029023658;NH + O <=> H + NO;270;-0.10630999095063934;H + NO + M <=> HNO + M;220;0.10083042487278451;N + O2 <=> NO + O;239;-0.045414122929111234;NH + NO <=> H + N2O;241;-0.014220450250469417;NH + NO <=> N2 + OH;273;0.013476574071639921;HNO + OH <=> H2O + NO;230;0.012327565865841968;H + NO2 <=> NO + OH;227;0.014726944205131801;HO2 + NO <=> NO2 + OH;230;-0.007596460537911014;H + NO2 <=> NO + OH;229;-0.0006169434653759148;NO2 + O <=> NO + O2;228;0.0003286601044151311;NO + O + M <=> NO2 + M;258;-3.1405523265581045e-09;NH2 + NO2 <=> H2O + N2O;275;-1.441030515070787e-09;HNO + NO2 <=> HONO + NO;243;-1.2321403057984155e-09;NH + NO2 <=> N2O + OH;242;-1.7381454435927932e-14;HONO + NH <=> NH2 + NO2;257;4.297284256904879e-15;HONO + NH2 <=> NH3 + NO2;;;;239;0.18478570798934454;NH + NO <=> H + N2O;224;-0.09840359066039217;H + N2O <=> N2 + OH;240;-0.04893867049463845;NH + NO <=> H + N2O;261;-0.000682734821812175;NNH + O <=> H + N2O;226;-0.00016159605573216068;N2O (+M) <=> N2 + O (+M);222;-2.430752090508568e-05;N2O + O <=> N2 + O2;223;-9.467723034341896e-06;N2O + O <=> 2 NO;225;-8.835746067262071e-06;N2O + OH <=> HO2 + N2;243;6.106911522720131e-07;NH + NO2 <=> N2O + OH;258;6.147418792165692e-08;NH2 + NO2 <=> H2O + N2O
0.75;30.0;30.0;1677.0677309907176;1.105649264303471;0.00756496264559158;0.051621690848500296;figures_multi_case_rop\bar_ROP_NO_f0.75_uf30.0_ua30.0.png;221;1.1704105540221728;N + OH <=> H + NO;219;-0.9989105342932969;N + NO <=> N2 + O;272;0.7312730078387439;H + HNO <=> H2 + NO;232;0.2843303849241446;NH + O <=> H + NO;220;0.21157846484686305;N + O2 <=> NO + O;239;-0.1509080153990907;NH + NO <=> H + N2O;270;-0.11973788310816119;H + NO + M <=> HNO + M;241;-0.04458021626673495;NH + NO <=> N2 + OH;240;0.04044528453051317;NH + NO <=> H + N2O;256;-0.016368236112317507;NH2 + NO <=> NNH + OH;227;0.011288839359606118;HO2 + NO <=> NO2 + OH;230;-0.003472424138454456;H + NO2 <=> NO + OH;229;-0.0004749852602529594;NO2 + O <=> NO + O2;228;0.00022355438343788815;NO + O + M <=> NO2 + M;258;-1.708632987170595e-08;NH2 + NO2 <=> H2O + N2O;243;-3.887833349478003e-09;NH + NO2 <=> N2O + OH;275;-7.245895405294386e-10;HNO + NO2 <=> HONO + NO;257;2.0664655779298998e-14;HONO + NH2 <=> NH3 + NO2;242;-1.2914035576352184e-14;HONO + NH <=> NH2 + NO2;;;;239;0.2439152668296964;NH + NO <=> H + N2O;224;-0.1269744988375678;H + N2O <=> N2 + OH;240;-0.06444599057478227;NH + NO <=> H + N2O;261;-0.0006459397647696711;NNH + O <=> H + N2O;226;-0.00015441484002324128;N2O (+M) <=> N2 + O (+M);222;-4.5836003638912786e-05;N2O + O <=> N2 + O2;223;-1.688664635247273e-05;N2O + O <=> 2 NO;225;-1.1350691898132605e-05;N2O + OH <=> HO2 + N2;243;1.2130624455043883e-06;NH + NO2 <=> N2O + OH;258;1.2831539091891251e-07;NH2 + NO2 <=> H2O + N2O
