f_crack,uf,ua,Tmax_K,net_ROP_NO_kmol_m3_s,net_ROP_NO2_kmol_m3_s,net_ROP_N2O_kmol_m3_s,bar_plot_path,NO_top1_rxn_idx,NO_top1_contrib_kmol_m3_s,NO_top1_rxn_eq,NO_top2_rxn_idx,NO_top2_contrib_kmol_m3_s,NO_top2_rxn_eq,NO_top3_rxn_idx,NO_top3_contrib_kmol_m3_s,NO_top3_rxn_eq,NO_top4_rxn_idx,NO_top4_contrib_kmol_m3_s,NO_top4_rxn_eq,NO_top5_rxn_idx,NO_top5_contrib_kmol_m3_s,NO_top5_rxn_eq,NO_top6_rxn_idx,NO_top6_contrib_kmol_m3_s,NO_top6_rxn_eq,NO_top7_rxn_idx,NO_top7_contrib_kmol_m3_s,NO_top7_rxn_eq,NO_top8_rxn_idx,NO_top8_contrib_kmol_m3_s,NO_top8_rxn_eq,NO_top9_rxn_idx,NO_top9_contrib_kmol_m3_s,NO_top9_rxn_eq,NO_top10_rxn_idx,NO_top10_contrib_kmol_m3_s,NO_top10_rxn_eq,NO2_top1_rxn_idx,NO2_top1_contrib_kmol_m3_s,NO2_top1_rxn_eq,NO2_top2_rxn_idx,NO2_top2_contrib_kmol_m3_s,NO2_top2_rxn_eq,NO2_top3_rxn_idx,NO2_top3_contrib_kmol_m3_s,NO2_top3_rxn_eq,NO2_top4_rxn_idx,NO2_top4_contrib_kmol_m3_s,NO2_top4_rxn_eq,NO2_top5_rxn_idx,NO2_top5_contrib_kmol_m3_s,NO2_top5_rxn_eq,NO2_top6_rxn_idx,NO2_top6_contrib_kmol_m3_s,NO2_top6_rxn_eq,NO2_top7_rxn_idx,NO2_top7_contrib_kmol_m3_s,NO2_top7_rxn_eq,NO2_top8_rxn_idx,NO2_top8_contrib_kmol_m3_s,NO2_top8_rxn_eq,NO2_top9_rxn_idx,NO2_top9_contrib_kmol_m3_s,NO2_top9_rxn_eq,NO2_top10_rxn_idx,NO2_top10_contrib_kmol_m3_s,NO2_top10_rxn_eq,N2O_top1_rxn_idx,N2O_top1_contrib_kmol_m3_s,N2O_top1_rxn_eq,N2O_top2_rxn_idx,N2O_top2_contrib_kmol_m3_s,N2O_top2_rxn_eq,N2O_top3_rxn_idx,N2O_top3_contrib_kmol_m3_s,N2O_top3_rxn_eq,N2O_top4_rxn_idx,N2O_top4_contrib_kmol_m3_s,N2O_top4_rxn_eq,N2O_top5_rxn_idx,N2O_top5_contrib_kmol_m3_s,N2O_top5_rxn_eq,N2O_top6_rxn_idx,N2O_top6_contrib_kmol_m3_s,N2O_top6_rxn_eq,N2O_top7_rxn_idx,N2O_top7_contrib_kmol_m3_s,N2O_top7_rxn_eq,N2O_top8_rxn_idx,N2O_top8_contrib_kmol_m3_s,N2O_top8_rxn_eq,N2O_top9_rxn_idx,N2O_top9_contrib_kmol_m3_s,N2O_top9_rxn_eq,N2O_top10_rxn_idx,N2O_top10_contrib_kmol_m3_s,N2O_top10_rxn_eq
0.28,0.5,0.5,2085.3282537472023,0.337965724482448,0.002437807868925437,0.0413678098541957,test_NO_3\bar_ROP_NO_f0.28_uf0.5_ua0.5.png,272,0.3009715730674337,H + HNO <=> H2 + NO,219,-0.21357911193155066,N + NO <=> N2 + O,221,0.2133102611518164,N + OH <=> H + NO,239,-0.19459605660155407,NH + NO <=> H + N2O,232,0.11230047806143399,NH + O <=> H + NO,270,0.09156828489420904,H + NO + M <=> HNO + M,241,-0.06275166142143943,NH + NO <=> N2 + OH,273,0.060758199755164256,HNO + OH <=> H2O + NO,240,0.054086740744184035,NH + NO <=> H + N2O,220,0.041309144074018596,N + O2 <=> NO + O,227,0.008666539908332537,HO2 + NO <=> NO2 + OH,230,-0.005047230916927852,H + NO2 <=> NO + OH,229,-0.0020742293152651615,NO2 + O <=> NO + O2,228,0.000892917467074069,NO + O + M <=> NO2 + M,275,-1.8894327146088887e-07,HNO + NO2 <=> HONO + NO,243,-2.6172329439955114e-10,NH + NO2 <=> N2O + OH,258,-6.91084291883639e-11,NH2 + NO2 <=> H2O + N2O,242,-2.0426751950281244e-13,HONO + NH <=> NH2 + NO2,257,1.929726627974699e-14,HONO + NH2 <=> NH3 + NO2,,,,239,0.27457885961536044,NH + NO <=> H + N2O,224,-0.12255331225363436,H + N2O <=> N2 + OH,240,-0.07634490434273793,NH + NO <=> H + N2O,226,-0.025390478320399243,N2O (+M) <=> N2 + O (+M),261,-0.008428389658533935,NNH + O <=> H + N2O,225,-0.0002842148430919657,N2O + OH <=> HO2 + N2,223,-0.00011102025168837475,N2O + O <=> 2 NO,222,-0.00010612066172585584,N2O + O <=> N2 + O2,243,6.79050767097563e-06,NH + NO2 <=> N2O + OH,258,6.000629759437398e-07,NH2 + NO2 <=> H2O + N2O
0.28,0.5,1.0,2042.9280891805863,0.5760263532767232,0.00396289082059428,0.06076499760639893,test_NO_3\bar_ROP_NO_f0.28_uf0.5_ua1.0.png,272,0.3958361151597144,H + HNO <=> H2 + NO,221,0.21738873998434322,N + OH <=> H + NO,219,-0.18648696412893825,N + NO <=> N2 + O,232,0.16902483354318443,NH + O <=> H + NO,239,-0.15701052155058193,NH + NO <=> H + N2O,273,0.08579012275372616,HNO + OH <=> H2O + NO,270,0.05369621367821632,H + NO + M <=> HNO + M,241,-0.051444043566500335,NH + NO <=> N2 + OH,220,0.048717590625990355,N + O2 <=> NO + O,240,0.04339267389459854,NH + NO <=> H + N2O,227,0.007616580428072127,HO2 + NO <=> NO2 + OH,230,-0.0026678871823215895,H + NO2 <=> NO + OH,229,-0.0017352033785581653,NO2 + O <=> NO + O2,228,0.0007494976383269718,NO + O + M <=> NO2 + M,275,-9.564956054547338e-08,HNO + NO2 <=> HONO + NO,258,-8.499334456705557e-10,NH2 + NO2 <=> H2O + N2O,243,-1.8514449784631728e-10,NH + NO2 <=> N2O + OH,242,-4.10719853730808e-13,HONO + NH <=> NH2 + NO2,257,1.241448810526262e-13,HONO + NH2 <=> NH3 + NO2,,,,239,0.4027131983483567,NH + NO <=> H + N2O,224,-0.19304489792131946,H + N2O <=> N2 + OH,240,-0.11162553919342758,NH + NO <=> H + N2O,226,-0.024611028874917222,N2O (+M) <=> N2 + O (+M),261,-0.011709151786753509,NNH + O <=> H + N2O,225,-0.0004502401475551106,N2O + OH <=> HO2 + N2,222,-0.0002620248182467842,N2O + O <=> N2 + O2,223,-0.00025958487777349217,N2O + O <=> 2 NO,243,1.3178658802387484e-05,NH + NO2 <=> N2O + OH,258,1.0882192329660255e-06,NH2 + NO2 <=> H2O + N2O
0.28,0.5,1.5,2025.8028331992255,0.6798017950320314,0.0064651294593710724,0.07755654992042109,test_NO_3\bar_ROP_NO_f0.28_uf0.5_ua1.5.png,272,0.5080941024900483,H + HNO <=> H2 + NO,221,0.2565917583862902,N + OH <=> H + NO,219,-0.24624885602969795,N + NO <=> N2 + O,232,0.21298675124815103,NH + O <=> H + NO,239,-0.21051257432980652,NH + NO <=> H + N2O,273,0.0999277243603681,HNO + OH <=> H2O + NO,241,-0.06880307146327685,NH + NO <=> N2 + OH,220,0.06776442025679857,N + O2 <=> NO + O,270,0.06004755669519139,H + NO + M <=> HNO + M,240,0.05809453999875879,NH + NO <=> H + N2O,227,0.013873378818521933,HO2 + NO <=> NO2 + OH,230,-0.005999453608231368,H + NO2 <=> NO + OH,229,-0.0025588298463537027,NO2 + O <=> NO + O2,228,0.0011502080164790304,NO + O + M <=> NO2 + M,275,-1.675446250643557e-07,HNO + NO2 <=> HONO + NO,258,-5.51964998667751e-09,NH2 + NO2 <=> H2O + N2O,243,-8.54567820323881e-10,NH + NO2 <=> N2O + OH,242,-2.938080524842296e-12,HONO + NH <=> NH2 + NO2,257,7.361327169695329e-13,HONO + NH2 <=> NH3 + NO2,,,,239,0.489998689751339,NH + NO <=> H + N2O,224,-0.23579239759949472,H + N2O <=> N2 + OH,240,-0.1356254278588965,NH + NO <=> H + N2O,226,-0.02639129505944952,N2O (+M) <=> N2 + O (+M),261,-0.013498771920480103,NNH + O <=> H + N2O,225,-0.0005016692224149424,N2O + OH <=> HO2 + N2,222,-0.0003320093716957204,N2O + O <=> N2 + O2,223,-0.00032060785489526503,N2O + O <=> 2 NO,243,1.8449489337154875e-05,NH + NO2 <=> N2O + OH,258,1.5895670716984685e-06,NH2 + NO2 <=> H2O + N2O
0.28,1.0,0.5,2064.5036122477454,0.3621390889345474,0.00355706183082616,0.047287705265110086,test_NO_3\bar_ROP_NO_f0.28_uf1.0_ua0.5.png,272,0.39037018488344655,H + HNO <=> H2 + NO,219,-0.2851497364947865,N + NO <=> N2 + O,239,-0.2647854232139406,NH + NO <=> H + N2O,221,0.255240200212492,N + OH <=> H + NO,232,0.14033498314787562,NH + O <=> H + NO,270,0.10241019044853536,H + NO + M <=> HNO + M,241,-0.08459059638650794,NH + NO <=> N2 + OH,240,0.07348036540750075,NH + NO <=> H + N2O,273,0.06847329469294773,HNO + OH <=> H2O + NO,220,0.05589567482500225,N + O2 <=> NO + O,227,0.012345969501270947,HO2 + NO <=> NO2 + OH,230,-0.0073503749460976636,H + NO2 <=> NO + OH,229,-0.002588913395266172,NO2 + O <=> NO + O2,228,0.0011506020697196482,NO + O + M <=> NO2 + M,275,-2.205160084544483e-07,HNO + NO2 <=> HONO + NO,243,-4.439404333244607e-10,NH + NO2 <=> N2O + OH,258,-4.379728837027278e-10,NH2 + NO2 <=> H2O + N2O,242,-9.762021592161261e-13,HONO + NH <=> NH2 + NO2,257,9.737521498769703e-14,HONO + NH2 <=> NH3 + NO2,,,,239,0.30850155665616263,NH + NO <=> H + N2O,224,-0.14021897990107074,H + N2O <=> N2 + OH,240,-0.08559567483915739,NH + NO <=> H + N2O,226,-0.025985256345177638,N2O (+M) <=> N2 + O (+M),261,-0.008934247732943467,NNH + O <=> H + N2O,225,-0.00027188286832726777,N2O + OH <=> HO2 + N2,223,-0.00010873759180217984,N2O + O <=> 2 NO,222,-0.0001078774756064058,N2O + O <=> N2 + O2,243,8.038820817872975e-06,NH + NO2 <=> N2O + OH,258,7.66542214678825e-07,NH2 + NO2 <=> H2O + N2O
0.28,1.0,1.0,2038.8629409565428,0.4978792589066934,0.004879248849054457,0.0648273102081996,test_NO_3\bar_ROP_NO_f0.28_uf1.0_ua1.0.png,272,0.528331259057516,H + HNO <=> H2 + NO,219,-0.3488854744393911,N + NO <=> N2 + O,239,-0.3274600052835161,NH + NO <=> H + N2O,221,0.29936151853148013,N + OH <=> H + NO,232,0.1962880706181313,NH + O <=> H + NO,270,0.10521025031809104,H + NO + M <=> HNO + M,241,-0.10424327971322722,NH + NO <=> N2 + OH,240,0.09064831322060594,NH + NO <=> H + N2O,273,0.08861989637289376,HNO + OH <=> H2O + NO,220,0.07709342102463591,N + O2 <=> NO + O,227,0.010009652374445612,HO2 + NO <=> NO2 + OH,230,-0.003913585706659614,H + NO2 <=> NO + OH,229,-0.0021264560140631683,NO2 + O <=> NO + O2,228,0.0009097608676577592,NO + O + M <=> NO2 + M,275,-1.2017763679621826e-07,HNO + NO2 <=> HONO + NO,258,-2.116990075201033e-09,NH2 + NO2 <=> H2O + N2O,243,-3.770321216377204e-10,NH + NO2 <=> N2O + OH,242,-9.514745894730629e-13,HONO + NH <=> NH2 + NO2,257,2.8433608068280693e-13,HONO + NH2 <=> NH3 + NO2,,,,239,0.4046969578677081,NH + NO <=> H + N2O,224,-0.1885109736007387,H + N2O <=> N2 + OH,240,-0.11207005822963943,NH + NO <=> H + N2O,226,-0.027487623898965613,N2O (+M) <=> N2 + O (+M),261,-0.011125401033728013,NNH + O <=> H + N2O,225,-0.0003457251666933993,N2O + OH <=> HO2 + N2,222,-0.00017448194505312187,N2O + O <=> N2 + O2,223,-0.00016996836533387477,N2O + O <=> 2 NO,243,1.3310923889590894e-05,NH + NO2 <=> N2O + OH,258,1.2736567540616714e-06,NH2 + NO2 <=> H2O + N2O
0.28,1.0,1.5,1989.628053062517,0.7454518384364448,0.007200964834768879,0.09014809630747102,test_NO_3\bar_ROP_NO_f0.28_uf1.0_ua1.5.png,272,0.6031559529878017,H + HNO <=> H2 + NO,219,-0.28092432154687447,N + NO <=> N2 + O,221,0.2649388407949205,N + OH <=> H + NO,239,-0.2546865248284118,NH + NO <=> H + N2O,232,0.24574617135222973,NH + O <=> H + NO,273,0.11161881729607857,HNO + OH <=> H2O + NO,241,-0.08224039238009641,NH + NO <=> N2 + OH,220,0.0801332714199227,N + O2 <=> NO + O,240,0.07008598284285916,NH + NO <=> H + N2O,270,0.05789848576671994,H + NO + M <=> HNO + M,227,0.012195828005918627,HO2 + NO <=> NO2 + OH,230,-0.0038590282010592097,H + NO2 <=> NO + OH,229,-0.0021765675098765203,NO2 + O <=> NO + O2,228,0.0010408715189634604,NO + O + M <=> NO2 + M,275,-1.1390262806411416e-07,HNO + NO2 <=> HONO + NO,258,-2.2987850154644703e-08,NH2 + NO2 <=> H2O + N2O,243,-2.087040873385694e-09,NH + NO2 <=> N2O + OH,242,-4.374843686296867e-12,HONO + NH <=> NH2 + NO2,257,2.716457389185225e-12,HONO + NH2 <=> NH3 + NO2,,,,239,0.526992891860461,NH + NO <=> H + N2O,224,-0.25123451476703973,H + N2O <=> N2 + OH,240,-0.145418835533118,NH + NO <=> H + N2O,226,-0.02629594115018246,N2O (+M) <=> N2 + O (+M),261,-0.012823087155373347,NNH + O <=> H + N2O,225,-0.0004645308794918472,N2O + OH <=> HO2 + N2,222,-0.00033162728025172377,N2O + O <=> N2 + O2,223,-0.00030291125814483006,N2O + O <=> 2 NO,243,2.427651144190409e-05,NH + NO2 <=> N2O + OH,258,2.3759591699914544e-06,NH2 + NO2 <=> H2O + N2O
0.28,1.5,0.5,2026.6919491139768,0.5423507701794459,0.003885857644387266,0.06052092223512612,test_NO_3\bar_ROP_NO_f0.28_uf1.5_ua0.5.png,272,0.3676676818272079,H + HNO <=> H2 + NO,221,0.19792444791998048,N + OH <=> H + NO,219,-0.16695069203055504,N + NO <=> N2 + O,232,0.15682116960869946,NH + O <=> H + NO,239,-0.131952591997541,NH + NO <=> H + N2O,273,0.07691047280901475,HNO + OH <=> H2O + NO,220,0.046650153210050053,N + O2 <=> NO + O,241,-0.04396515439759096,NH + NO <=> N2 + OH,270,0.036928786102386923,H + NO + M <=> HNO + M,240,0.03640354294503445,NH + NO <=> H + N2O,227,0.006876707860058064,HO2 + NO <=> NO2 + OH,230,-0.002094816722030419,H + NO2 <=> NO + OH,229,-0.0015403019654703783,NO2 + O <=> NO + O2,228,0.0006443496117491216,NO + O + M <=> NO2 + M,275,-7.833322009514695e-08,HNO + NO2 <=> HONO + NO,258,-2.5302380434792272e-09,NH2 + NO2 <=> H2O + N2O,243,-2.7601806073938013e-10,NH + NO2 <=> N2O + OH,242,-7.692540335946043e-13,HONO + NH <=> NH2 + NO2,257,3.2633149004247177e-13,HONO + NH2 <=> NH3 + NO2,,,,239,0.3749227836064353,NH + NO <=> H + N2O,224,-0.1750769544862747,H + N2O <=> N2 + OH,240,-0.1037288196394183,NH + NO <=> H + N2O,226,-0.024965654869475697,N2O (+M) <=> N2 + O (+M),261,-0.009995113468848526,NNH + O <=> H + N2O,225,-0.00032765947587873654,N2O + OH <=> HO2 + N2,222,-0.00016371086364303837,N2O + O <=> N2 + O2,223,-0.00015683896405764707,N2O + O <=> 2 NO,243,1.176091834555776e-05,NH + NO2 <=> N2O + OH,258,1.1294779419284223e-06,NH2 + NO2 <=> H2O + N2O
0.28,1.5,1.0,2000.8400374084313,0.780337894374921,0.007448960408299938,0.08600101720184837,test_NO_3\bar_ROP_NO_f0.28_uf1.5_ua1.0.png,272,0.5938665405216477,H + HNO <=> H2 + NO,221,0.26705230612950237,N + OH <=> H + NO,219,-0.26277195585431307,N + NO <=> N2 + O,232,0.24733820425107245,NH + O <=> H + NO,239,-0.23608976572571067,NH + NO <=> H + N2O,273,0.11541986432201008,HNO + OH <=> H2O + NO,241,-0.07594295435695855,NH + NO <=> N2 + OH,220,0.07281502235914762,N + O2 <=> NO + O,240,0.06499723134218566,NH + NO <=> H + N2O,270,0.05663779417877574,H + NO + M <=> HNO + M,227,0.019397134968263487,HO2 + NO <=> NO2 + OH,230,-0.010277748510667463,H + NO2 <=> NO + OH,229,-0.0031901169953278026,NO2 + O <=> NO + O2,228,0.0015199614001743386,NO + O + M <=> NO2 + M,275,-2.584377226437201e-07,HNO + NO2 <=> HONO + NO,258,-1.0188602577747113e-08,NH2 + NO2 <=> H2O + N2O,243,-1.8215966208308746e-09,NH + NO2 <=> N2O + OH,242,-7.829057561867335e-12,HONO + NH <=> NH2 + NO2,257,1.6082794464650957e-12,HONO + NH2 <=> NH3 + NO2,,,,239,0.529215890713736,NH + NO <=> H + N2O,224,-0.25707974600977734,H + N2O <=> N2 + OH,240,-0.14617182251461802,NH + NO <=> H + N2O,226,-0.02515447937782037,N2O (+M) <=> N2 + O (+M),261,-0.013548146157649477,NNH + O <=> H + N2O,225,-0.0005297191318021809,N2O + OH <=> HO2 + N2,222,-0.00039123983311586274,N2O + O <=> N2 + O2,223,-0.0003636593633498377,N2O + O <=> 2 NO,243,2.197405002707272e-05,NH + NO2 <=> N2O + OH,258,1.964826218417031e-06,NH2 + NO2 <=> H2O + N2O
0.28,1.5,1.5,1979.5546821515468,0.8507978993187142,0.009817085919194413,0.10304261852634394,test_NO_3\bar_ROP_NO_f0.28_uf1.5_ua1.5.png,272,0.7873872947126385,H + HNO <=> H2 + NO,219,-0.3824221411661964,N + NO <=> N2 + O,239,-0.37414628308364634,NH + NO <=> H + N2O,221,0.32333523835055783,N + OH <=> H + NO,232,0.30960530861416524,NH + O <=> H + NO,273,0.13326210664180263,HNO + OH <=> H2O + NO,241,-0.11780043471070586,NH + NO <=> N2 + OH,240,0.10291382743793001,NH + NO <=> H + N2O,220,0.10025293894766017,N + O2 <=> NO + O,270,0.07823386167949939,H + NO + M <=> HNO + M,227,0.025959967714715235,HO2 + NO <=> NO2 + OH,230,-0.01420314366609651,H + NO2 <=> NO + OH,229,-0.0038438947120911036,NO2 + O <=> NO + O2,228,0.0019044811847194168,NO + O + M <=> NO2 + M,275,-2.788843645918645e-07,HNO + NO2 <=> HONO + NO,258,-3.944203972222704e-08,NH2 + NO2 <=> H2O + N2O,243,-6.261874111656143e-09,NH + NO2 <=> N2O + OH,242,-1.912645517398229e-11,HONO + NH <=> NH2 + NO2,257,5.352254085589763e-12,HONO + NH2 <=> NH3 + NO2,,,,239,0.5824096858480617,NH + NO <=> H + N2O,224,-0.27703790548158136,H + N2O <=> N2 + OH,240,-0.1605664242597054,NH + NO <=> H + N2O,226,-0.02699047770978881,N2O (+M) <=> N2 + O (+M),261,-0.013639605529312496,NNH + O <=> H + N2O,225,-0.000478501626071938,N2O + OH <=> HO2 + N2,222,-0.00036127451697744265,N2O + O <=> N2 + O2,223,-0.0003245926747422251,N2O + O <=> 2 NO,243,2.8805630656337973e-05,NH + NO2 <=> N2O + OH,258,2.90884580550591e-06,NH2 + NO2 <=> H2O + N2O
0.5,2.0,2.0,1988.5267634168442,0.5141379358673938,0.005481019488507229,0.032957648502527956,test_NO_3\bar_ROP_NO_f0.5_uf2.0_ua2.0.png,221,0.43967862180962153,N + OH <=> H + NO,272,0.3464617501747012,H + HNO <=> H2 + NO,219,-0.3163400182884536,N + NO <=> N2 + O,232,0.12663880549588272,NH + O <=> H + NO,239,-0.11383903559964467,NH + NO <=> H + N2O,220,0.04720055003446221,N + O2 <=> NO + O,241,-0.03752223670421823,NH + NO <=> N2 + OH,240,0.03140434166503856,NH + NO <=> H + N2O,273,0.02695638442560523,HNO + OH <=> H2O + NO,262,-0.015973255891413428,NNH + O <=> NH + NO,227,0.00994710895223599,HO2 + NO <=> NO2 + OH,230,-0.0035270131016427496,H + NO2 <=> NO + OH,229,-0.0014398395047936865,NO2 + O <=> NO + O2,228,0.0005007827140815125,NO + O + M <=> NO2 + M,275,-1.9200215164373297e-08,HNO + NO2 <=> HONO + NO,258,-2.3457074433808036e-10,NH2 + NO2 <=> H2O + N2O,243,-1.3657025489571188e-10,NH + NO2 <=> N2O + OH,242,-2.1777341752406954e-14,HONO + NH <=> NH2 + NO2,257,4.103141625281208e-15,HONO + NH2 <=> NH3 + NO2,,,,239,0.2517983219537485,NH + NO <=> H + N2O,224,-0.13648474537031788,H + N2O <=> N2 + OH,240,-0.06917542708749964,NH + NO <=> H + N2O,226,-0.007016507149604496,N2O (+M) <=> N2 + O (+M),261,-0.006018680589069768,NNH + O <=> H + N2O,225,-8.264527393663776e-05,N2O + OH <=> HO2 + N2,222,-3.494691338267193e-05,N2O + O <=> N2 + O2,223,-2.9399970158887346e-05,N2O + O <=> 2 NO,243,1.5548622316432936e-06,NH + NO2 <=> N2O + OH,258,1.2404051780436826e-07,NH2 + NO2 <=> H2O + N2O
0.5,2.0,5.0,1897.03472703709,0.619442428516015,0.011038511910071994,0.06060816921614998,test_NO_3\bar_ROP_NO_f0.5_uf2.0_ua5.0.png,272,0.3641377650966094,H + HNO <=> H2 + NO,221,0.2142353224880109,N + OH <=> H + NO,232,0.15405739478592081,NH + O <=> H + NO,219,-0.09529851524753943,N + NO <=> N2 + O,270,-0.06591145806094491,H + NO + M <=> HNO + M,220,0.042366249676866405,N + O2 <=> NO + O,273,0.03657430208059832,HNO + OH <=> H2O + NO,239,-0.031050124839288012,NH + NO <=> H + N2O,230,0.027370761874020162,H + NO2 <=> NO + OH,228,-0.022700719263874694,NO + O + M <=> NO2 + M,227,0.02950152192549371,HO2 + NO <=> NO2 + OH,230,-0.017111156876717173,H + NO2 <=> NO + OH,229,-0.0024405883327375142,NO2 + O <=> NO + O2,228,0.0010888112228627615,NO + O + M <=> NO2 + M,275,-4.489511279781644e-08,HNO + NO2 <=> HONO + NO,258,-2.5404158301866705e-08,NH2 + NO2 <=> H2O + N2O,243,-5.728062879471898e-09,NH + NO2 <=> N2O + OH,242,-1.880347361514761e-12,HONO + NH <=> NH2 + NO2,257,3.84538320492937e-13,HONO + NH2 <=> NH3 + NO2,,,,239,0.38632224253182185,NH + NO <=> H + N2O,224,-0.20849382225740323,H + N2O <=> N2 + OH,240,-0.10521844234373538,NH + NO <=> H + N2O,261,-0.0063519720491455245,NNH + O <=> H + N2O,226,-0.005427369741779709,N2O (+M) <=> N2 + O (+M),225,-9.331839773852517e-05,N2O + OH <=> HO2 + N2,222,-7.824321641183554e-05,N2O + O <=> N2 + O2,223,-5.570794699336215e-05,N2O + O <=> 2 NO,243,4.405069888836377e-06,NH + NO2 <=> N2O + OH,258,3.975676468745939e-07,NH2 + NO2 <=> H2O + N2O
0.5,2.0,10.0,1851.552191047486,1.6938226676835855,0.017882716496433658,0.1219358004889116,test_NO_3\bar_ROP_NO_f0.5_uf2.0_ua10.0.png,272,1.2676407333368842,H + HNO <=> H2 + NO,221,0.8482809258993255,N + OH <=> H + NO,219,-0.7909627658478359,N + NO <=> N2 + O,232,0.5489090320886466,NH + O <=> H + NO,239,-0.32134444190595945,NH + NO <=> H + N2O,220,0.20532799769812984,N + O2 <=> NO + O,241,-0.10056280503551436,NH + NO <=> N2 + OH,240,0.08741551338858791,NH + NO <=> H + N2O,273,0.08139370273804843,HNO + OH <=> H2O + NO,270,-0.0632342402357671,H + NO + M <=> HNO + M,227,0.04505918898703957,HO2 + NO <=> NO2 + OH,230,-0.02595164599685057,H + NO2 <=> NO + OH,229,-0.00262124640571227,NO2 + O <=> NO + O2,228,0.0013965708218091034,NO + O + M <=> NO2 + M,258,-9.079455015911196e-08,NH2 + NO2 <=> H2O + N2O,275,-4.210161318064379e-08,HNO + NO2 <=> HONO + NO,243,-1.8012476474085286e-08,NH + NO2 <=> N2O + OH,242,-2.3528276816828342e-12,HONO + NH <=> NH2 + NO2,257,1.140466598054167e-12,HONO + NH2 <=> NH3 + NO2,,,,239,0.7365648936987478,NH + NO <=> H + N2O,224,-0.3967954473434507,H + N2O <=> N2 + OH,240,-0.20020101324310804,NH + NO <=> H + N2O,261,-0.010563069236391978,NNH + O <=> H + N2O,226,-0.006440222864065953,N2O (+M) <=> N2 + O (+M),222,-0.0002725688681313785,N2O + O <=> N2 + O2,223,-0.00018633118856738504,N2O + O <=> 2 NO,225,-0.00018501319075683889,N2O + OH <=> HO2 + N2,243,1.3400535757997273e-05,NH + NO2 <=> N2O + OH,258,1.1721888780665616e-06,NH2 + NO2 <=> H2O + N2O
0.5,5.0,2.0,1920.500283349941,0.8116888765323628,0.008937266639110297,0.049528287642476104,test_NO_3\bar_ROP_NO_f0.5_uf5.0_ua2.0.png,221,0.5575753258233934,N + OH <=> H + NO,272,0.5321313463470017,H + HNO <=> H2 + NO,219,-0.3981325500472339,N + NO <=> N2 + O,232,0.21532650879453116,NH + O <=> H + NO,239,-0.13968574001948694,NH + NO <=> H + N2O,220,0.07559607094052741,N + O2 <=> NO + O,241,-0.04518582528083735,NH + NO <=> N2 + OH,273,0.038571749355544374,HNO + OH <=> H2O + NO,240,0.0382737719637387,NH + NO <=> H + N2O,270,-0.029486506179160824,H + NO + M <=> HNO + M,227,0.015152351751247876,HO2 + NO <=> NO2 + OH,230,-0.005226992935215686,H + NO2 <=> NO + OH,229,-0.0015977954110192503,NO2 + O <=> NO + O2,228,0.0006097264673077178,NO + O + M <=> NO2 + M,275,-1.9238920446331192e-08,HNO + NO2 <=> HONO + NO,258,-3.3155368694209932e-09,NH2 + NO2 <=> H2O + N2O,243,-6.786809089451082e-10,NH + NO2 <=> N2O + OH,242,-1.1220592955268292e-13,HONO + NH <=> NH2 + NO2,257,4.0070095230335825e-14,HONO + NH2 <=> NH3 + NO2,,,,239,0.3312721262373252,NH + NO <=> H + N2O,224,-0.17954593078159833,H + N2O <=> N2 + OH,240,-0.09041212335612868,NH + NO <=> H + N2O,261,-0.006023008763249453,NNH + O <=> H + N2O,226,-0.005584466728003656,N2O (+M) <=> N2 + O (+M),225,-8.511332628995154e-05,N2O + OH <=> HO2 + N2,222,-5.520300878872186e-05,N2O + O <=> N2 + O2,223,-4.0938349717667064e-05,N2O + O <=> 2 NO,243,2.7097831594755636e-06,NH + NO2 <=> N2O + OH,258,2.35935767892989e-07,NH2 + NO2 <=> H2O + N2O
0.5,5.0,5.0,1873.1873087483464,0.8443745275894311,0.013686034381116612,0.08027126528795005,test_NO_3\bar_ROP_NO_f0.5_uf5.0_ua5.0.png,219,-0.9324245509812125,N + NO <=> N2 + O,272,0.8880122716926924,H + HNO <=> H2 + NO,221,0.8259881365396095,N + OH <=> H + NO,239,-0.3714208144358134,NH + NO <=> H + N2O,232,0.3420757726201174,NH + O <=> H + NO,220,0.17908180994062112,N + O2 <=> NO + O,241,-0.1156715399678687,NH + NO <=> N2 + OH,240,0.10144478499436704,NH + NO <=> H + N2O,273,0.04546122004784956,HNO + OH <=> H2O + NO,256,-0.04388317996475648,NH2 + NO <=> NNH + OH,227,0.025023933755804032,HO2 + NO <=> NO2 + OH,230,-0.01018524487381921,H + NO2 <=> NO + OH,229,-0.0020212415213598247,NO2 + O <=> NO + O2,228,0.0008686794174249106,NO + O + M <=> NO2 + M,258,-5.812631519218897e-08,NH2 + NO2 <=> H2O + N2O,275,-2.4462706320979517e-08,HNO + NO2 <=> HONO + NO,243,-9.807449674443622e-09,NH + NO2 <=> N2O + OH,242,-1.0892606133637958e-12,HONO + NH <=> NH2 + NO2,257,6.271485494472507e-13,HONO + NH2 <=> NH3 + NO2,,,,239,0.486627109693619,NH + NO <=> H + N2O,224,-0.2611316306944856,H + N2O <=> N2 + OH,240,-0.13230197025393328,NH + NO <=> H + N2O,261,-0.007263427092080566,NNH + O <=> H + N2O,226,-0.005358086147663067,N2O (+M) <=> N2 + O (+M),222,-0.00011772909143936038,N2O + O <=> N2 + O2,225,-0.00010940263480297167,N2O + OH <=> HO2 + N2,223,-8.090650996704147e-05,N2O + O <=> 2 NO,243,6.698831230566725e-06,NH + NO2 <=> N2O + OH,258,6.091874724033856e-07,NH2 + NO2 <=> H2O + N2O
0.5,5.0,10.0,1805.319670738253,1.830046381077496,0.022345618707308033,0.13303633660121417,test_NO_3\bar_ROP_NO_f0.5_uf5.0_ua10.0.png,272,1.2767868696579754,H + HNO <=> H2 + NO,221,0.678758171450756,N + OH <=> H + NO,219,-0.5789650124177066,N + NO <=> N2 + O,232,0.5491540889969658,NH + O <=> H + NO,239,-0.22308708759144588,NH + NO <=> H + N2O,220,0.18905069966723564,N + O2 <=> NO + O,270,-0.10309112301270944,H + NO + M <=> HNO + M,273,0.08271302625918234,HNO + OH <=> H2O + NO,241,-0.06974232296032615,NH + NO <=> N2 + OH,240,0.060286487991766294,NH + NO <=> H + N2O,227,0.048511424178830094,HO2 + NO <=> NO2 + OH,230,-0.024900789978949095,H + NO2 <=> NO + OH,229,-0.0026280948104055227,NO2 + O <=> NO + O2,228,0.0013636380405169246,NO + O + M <=> NO2 + M,258,-4.4440178126675845e-07,NH2 + NO2 <=> H2O + N2O,243,-7.4769161005368e-08,NH + NO2 <=> N2O + OH,275,-3.955153443662927e-08,HNO + NO2 <=> HONO + NO,242,-5.345740400257985e-12,HONO + NH <=> NH2 + NO2,257,5.138083858716192e-12,HONO + NH2 <=> NH3 + NO2,,,,239,0.850618455095717,NH + NO <=> H + N2O,224,-0.46941181050334463,H + N2O <=> N2 + OH,240,-0.23074878633504925,NH + NO <=> H + N2O,261,-0.011032964521907954,NNH + O <=> H + N2O,226,-0.0053916126147756285,N2O (+M) <=> N2 + O (+M),222,-0.0004708281890906272,N2O + O <=> N2 + O2,223,-0.0003093969358828908,N2O + O <=> 2 NO,225,-0.000235852308174159,N2O + OH <=> HO2 + N2,243,1.765147365069175e-05,NH + NO2 <=> N2O + OH,258,1.4814400715729264e-06,NH2 + NO2 <=> H2O + N2O
0.5,10.0,2.0,1855.0119964646597,1.0648156974521128,0.011418942930461298,0.08814146671756679,test_NO_3\bar_ROP_NO_f0.5_uf10.0_ua2.0.png,272,0.9323478805378433,H + HNO <=> H2 + NO,219,-0.7965992536865529,N + NO <=> N2 + O,221,0.7932395321548433,N + OH <=> H + NO,232,0.37250898455180853,NH + O <=> H + NO,239,-0.3156173968075745,NH + NO <=> H + N2O,220,0.15622169069910796,N + O2 <=> NO + O,241,-0.0978604808356604,NH + NO <=> N2 + OH,240,0.08600900206264081,NH + NO <=> H + N2O,273,0.05298812524060945,HNO + OH <=> H2O + NO,270,-0.03984735709915211,H + NO + M <=> HNO + M,227,0.016232746838086037,HO2 + NO <=> NO2 + OH,230,-0.0039697445626234885,H + NO2 <=> NO + OH,229,-0.0014299667923900808,NO2 + O <=> NO + O2,228,0.0005859854447103921,NO + O + M <=> NO2 + M,258,-5.818288647363996e-08,NH2 + NO2 <=> H2O + N2O,275,-1.2214687830136222e-08,HNO + NO2 <=> HONO + NO,243,-7.600074422824854e-09,NH + NO2 <=> N2O + OH,257,6.400109693074872e-13,HONO + NH2 <=> NH3 + NO2,242,-3.1284509321505024e-13,HONO + NH <=> NH2 + NO2,,,,239,0.5444987285750614,NH + NO <=> H + N2O,224,-0.29435367275273994,H + N2O <=> N2 + OH,240,-0.14805447484481415,NH + NO <=> H + N2O,261,-0.008155825678008701,NNH + O <=> H + N2O,226,-0.0053889386231946714,N2O (+M) <=> N2 + O (+M),222,-0.00016220983168288442,N2O + O <=> N2 + O2,225,-0.00013838736255877162,N2O + OH <=> HO2 + N2,223,-0.00011175644769537038,N2O + O <=> 2 NO,243,7.373274277291365e-06,NH + NO2 <=> N2O + OH,258,6.304089225602178e-07,NH2 + NO2 <=> H2O + N2O
0.5,10.0,5.0,1835.1811917388322,1.478644429584833,0.013369184306322866,0.11367342475568906,test_NO_3\bar_ROP_NO_f0.5_uf10.0_ua5.0.png,272,1.2249775681869626,H + HNO <=> H2 + NO,219,-0.9311573412407127,N + NO <=> N2 + O,221,0.9170854788182449,N + OH <=> H + NO,232,0.5126265393645156,NH + O <=> H + NO,239,-0.36524734243055107,NH + NO <=> H + N2O,220,0.21055349588714128,N + O2 <=> NO + O,241,-0.11289448273815272,NH + NO <=> N2 + OH,240,0.09930752764460714,NH + NO <=> H + N2O,273,0.06778982824024528,HNO + OH <=> H2O + NO,270,-0.058550126257469595,H + NO + M <=> HNO + M,227,0.018544837397626725,HO2 + NO <=> NO2 + OH,230,-0.00436326281483529,H + NO2 <=> NO + OH,229,-0.0014200242513859318,NO2 + O <=> NO + O2,228,0.0006077309058858688,NO + O + M <=> NO2 + M,258,-7.740309358476765e-08,NH2 + NO2 <=> H2O + N2O,243,-1.0313665672855105e-08,NH + NO2 <=> N2O + OH,275,-9.214749588643783e-09,HNO + NO2 <=> HONO + NO,257,6.960761396199829e-13,HONO + NH2 <=> NH3 + NO2,242,-1.5573733212271228e-13,HONO + NH <=> NH2 + NO2,,,,239,0.6731398807430635,NH + NO <=> H + N2O,224,-0.36212486242664654,H + N2O <=> N2 + OH,240,-0.182642986921655,NH + NO <=> H + N2O,261,-0.008945693867200078,NNH + O <=> H + N2O,226,-0.005232627244151998,N2O (+M) <=> N2 + O (+M),222,-0.00022826490838945068,N2O + O <=> N2 + O2,225,-0.0001532067822177192,N2O + OH <=> HO2 + N2,223,-0.00015065156296948436,N2O + O <=> 2 NO,243,1.0874695200546162e-05,NH + NO2 <=> N2O + OH,258,9.630306553012463e-07,NH2 + NO2 <=> H2O + N2O
0.5,10.0,10.0,1787.2031176384019,2.372296863181492,0.028209944164497736,0.19065684510891984,test_NO_3\bar_ROP_NO_f0.5_uf10.0_ua10.0.png,272,1.788703376718006,H + HNO <=> H2 + NO,219,-0.8099769176031463,N + NO <=> N2 + O,221,0.7892485814098744,N + OH <=> H + NO,232,0.7596054379173107,NH + O <=> H + NO,239,-0.35205774231241144,NH + NO <=> H + N2O,220,0.2701894834887354,N + O2 <=> NO + O,270,-0.11358881454000386,H + NO + M <=> HNO + M,273,0.10935281444158969,HNO + OH <=> H2O + NO,241,-0.10816902938928559,NH + NO <=> N2 + OH,240,0.09499277897460388,NH + NO <=> H + N2O,227,0.05467750097638407,HO2 + NO <=> NO2 + OH,230,-0.02533460419354161,H + NO2 <=> NO + OH,229,-0.002562932614534187,NO2 + O <=> NO + O2,228,0.0014309516117710604,NO + O + M <=> NO2 + M,258,-8.124359109497134e-07,NH2 + NO2 <=> H2O + N2O,243,-1.244236034451818e-07,NH + NO2 <=> N2O + OH,275,-3.47612057789225e-08,HNO + NO2 <=> HONO + NO,257,9.666785714651454e-12,HONO + NH2 <=> NH3 + NO2,242,-4.528207398539724e-12,HONO + NH <=> NH2 + NO2,,,,239,1.0415348616527538,NH + NO <=> H + N2O,224,-0.5515688721526235,H + N2O <=> N2 + OH,240,-0.281651038226102,NH + NO <=> H + N2O,261,-0.01094021503307294,NNH + O <=> H + N2O,226,-0.005562048660277373,N2O (+M) <=> N2 + O (+M),222,-0.0005876224711135877,N2O + O <=> N2 + O2,223,-0.000362038320050906,N2O + O <=> 2 NO,225,-0.0002380169067868118,N2O + OH <=> HO2 + N2,243,2.9041987081632335e-05,NH + NO2 <=> N2O + OH,258,2.793239111528438e-06,NH2 + NO2 <=> H2O + N2O
0.75,10.0,10.0,1735.8474257804453,0.8715279055494578,0.005366161050747736,0.03148223412270008,test_NO_3\bar_ROP_NO_f0.75_uf10.0_ua10.0.png,221,0.7876675284966496,N + OH <=> H + NO,219,-0.4530500602469042,N + NO <=> N2 + O,272,0.4355393741122937,H + HNO <=> H2 + NO,232,0.16415607587394818,NH + O <=> H + NO,220,0.0988112976662481,N + O2 <=> NO + O,270,-0.09409491798418625,H + NO + M <=> HNO + M,239,-0.0641114032821782,NH + NO <=> H + N2O,241,-0.019754542759669563,NH + NO <=> N2 + OH,240,0.01728530031105369,NH + NO <=> H + N2O,273,0.011523509470624155,HNO + OH <=> H2O + NO,227,0.007790877235329528,HO2 + NO <=> NO2 + OH,230,-0.002167343003042297,H + NO2 <=> NO + OH,229,-0.00043985223744929017,NO2 + O <=> NO + O2,228,0.0001824825722727657,NO + O + M <=> NO2 + M,258,-2.073082819615745e-09,NH2 + NO2 <=> H2O + N2O,243,-7.672014287711207e-10,NH + NO2 <=> N2O + OH,275,-6.760784527898282e-10,HNO + NO2 <=> HONO + NO,242,-2.8333729924581608e-15,HONO + NH <=> NH2 + NO2,257,2.565668367458385e-15,HONO + NH2 <=> NH3 + NO2,,,,239,0.2001700929980655,NH + NO <=> H + N2O,224,-0.11383937990119333,H + N2O <=> N2 + OH,240,-0.05334793843581817,NH + NO <=> H + N2O,261,-0.0011797720542810553,NNH + O <=> H + N2O,226,-0.0002577469069114721,N2O (+M) <=> N2 + O (+M),222,-3.3544828810989684e-05,N2O + O <=> N2 + O2,225,-1.5172289948338124e-05,N2O + OH <=> HO2 + N2,223,-1.5096484871213e-05,N2O + O <=> 2 NO,243,7.302921470918484e-07,NH + NO2 <=> N2O + OH,258,6.173432204568151e-08,NH2 + NO2 <=> H2O + N2O
0.75,10.0,20.0,1653.4059325674607,1.4383944082096038,0.010929222775518688,0.058094674215217065,test_NO_3\bar_ROP_NO_f0.75_uf10.0_ua20.0.png,221,0.8459765117389393,N + OH <=> H + NO,272,0.8021370006289,H + HNO <=> H2 + NO,219,-0.49470128498742466,N + NO <=> N2 + O,232,0.32091117659438856,NH + O <=> H + NO,220,0.1850221831062841,N + O2 <=> NO + O,270,-0.15555134334992643,H + NO + M <=> HNO + M,239,-0.07691945738049784,NH + NO <=> H + N2O,230,0.024876558801874116,H + NO2 <=> NO + OH,241,-0.023264078812079595,NH + NO <=> N2 + OH,273,0.022240340202789605,HNO + OH <=> H2O + NO,227,0.01962149654553707,HO2 + NO <=> NO2 + OH,230,-0.008359651621374387,H + NO2 <=> NO + OH,229,-0.0007253605956531762,NO2 + O <=> NO + O2,228,0.0003928040136588086,NO + O + M <=> NO2 + M,258,-5.213138732724031e-08,NH2 + NO2 <=> H2O + N2O,243,-1.188153080163406e-08,NH + NO2 <=> N2O + OH,275,-1.553736740186813e-09,HNO + NO2 <=> HONO + NO,257,8.263062771756775e-14,HONO + NH2 <=> NH3 + NO2,242,-7.738953145970816e-14,HONO + NH <=> NH2 + NO2,,,,239,0.31191075968635296,NH + NO <=> H + N2O,224,-0.1698805342760687,H + N2O <=> N2 + OH,240,-0.0826305433418722,NH + NO <=> H + N2O,261,-0.0009503965453519296,NNH + O <=> H + N2O,226,-0.0002039139944562722,N2O (+M) <=> N2 + O (+M),222,-9.522902596814887e-05,N2O + O <=> N2 + O2,223,-3.7344693713489735e-05,N2O + O <=> 2 NO,225,-2.0604976359293295e-05,N2O + OH <=> HO2 + N2,243,2.2611181129964956e-06,NH + NO2 <=> N2O + OH,258,2.2026454115377676e-07,NH2 + NO2 <=> H2O + N2O
0.75,10.0,30.0,1574.5540889014724,2.0422475260235977,0.013393287923671199,0.10673838959690125,test_NO_3\bar_ROP_NO_f0.75_uf10.0_ua30.0.png,272,1.360256528918491,H + HNO <=> H2 + NO,221,0.9183417345493414,N + OH <=> H + NO,219,-0.7421267337065978,N + NO <=> N2 + O,232,0.5227192764714588,NH + O <=> H + NO,220,0.3157558070507414,N + O2 <=> NO + O,270,-0.21264055112015595,H + NO + M <=> HNO + M,239,-0.13638142442552065,NH + NO <=> H + N2O,230,0.043564679650063984,H + NO2 <=> NO + OH,241,-0.039693537065840764,NH + NO <=> N2 + OH,240,0.03616568491593184,NH + NO <=> H + N2O,227,0.01782653091399533,HO2 + NO <=> NO2 + OH,230,-0.004226136754540453,H + NO2 <=> NO + OH,229,-0.0004999433947052016,NO2 + O <=> NO + O2,228,0.0002933283451850183,NO + O + M <=> NO2 + M,258,-4.3105560906002865e-07,NH2 + NO2 <=> H2O + N2O,243,-5.9211586039494216e-08,NH + NO2 <=> N2O + OH,275,-9.199109636978979e-10,HNO + NO2 <=> HONO + NO,257,8.694074175379033e-13,HONO + NH2 <=> NH3 + NO2,242,-2.684144131907436e-14,HONO + NH <=> NH2 + NO2,,,,239,0.35190345510959203,NH + NO <=> H + N2O,224,-0.15335028570900072,H + N2O <=> N2 + OH,240,-0.09171764561540391,NH + NO <=> H + N2O,261,0.00011118918435401224,NNH + O <=> H + N2O,222,-0.00010963216009949492,N2O + O <=> N2 + O2,226,-6.528112329892523e-05,N2O (+M) <=> N2 + O (+M),223,-2.8839589038021995e-05,N2O + O <=> 2 NO,225,-9.152683001951669e-06,N2O + OH <=> HO2 + N2,243,3.984698140095764e-06,NH + NO2 <=> N2O + OH,258,5.974846581092136e-07,NH2 + NO2 <=> H2O + N2O
0.75,20.0,10.0,1689.1176859878317,1.2215651061649786,0.006962980028031056,0.046232636292662325,test_NO_3\bar_ROP_NO_f0.75_uf20.0_ua10.0.png,221,0.9210043559100509,N + OH <=> H + NO,272,0.6539040579855294,H + HNO <=> H2 + NO,219,-0.5629843479789701,N + NO <=> N2 + O,232,0.26051808820494393,NH + O <=> H + NO,220,0.16002359174690625,N + O2 <=> NO + O,270,-0.12811069482313833,H + NO + M <=> HNO + M,239,-0.08277605653464537,NH + NO <=> H + N2O,241,-0.025100846399246035,NH + NO <=> N2 + OH,240,0.022214247190058857,NH + NO <=> H + N2O,273,0.016764796853979178,HNO + OH <=> H2O + NO,227,0.009456528474289697,HO2 + NO <=> NO2 + OH,230,-0.0022960234628928897,H + NO2 <=> NO + OH,229,-0.0003874809200100423,NO2 + O <=> NO + O2,228,0.00018997087263790158,NO + O + M <=> NO2 + M,258,-1.1742446979811753e-08,NH2 + NO2 <=> H2O + N2O,243,-2.6824825097525024e-09,NH + NO2 <=> N2O + OH,275,-5.110727988630221e-10,HNO + NO2 <=> HONO + NO,257,1.4512934971289497e-14,HONO + NH2 <=> NH3 + NO2,242,-5.834267499608804e-15,HONO + NH <=> NH2 + NO2,,,,239,0.25980041611887783,NH + NO <=> H + N2O,224,-0.14326348252053542,H + N2O <=> N2 + OH,240,-0.06895714490180865,NH + NO <=> H + N2O,261,-0.0010341300493712006,NNH + O <=> H + N2O,226,-0.00021242396541668902,N2O (+M) <=> N2 + O (+M),222,-6.0194054105417825e-05,N2O + O <=> N2 + O2,223,-2.467467347855852e-05,N2O + O <=> 2 NO,225,-1.724797567885212e-05,N2O + OH <=> HO2 + N2,243,1.3894575459309475e-06,NH + NO2 <=> N2O + OH,258,1.2885663334373226e-07,NH2 + NO2 <=> H2O + N2O
0.75,20.0,20.0,1591.055040757689,1.5977527236875617,0.01538085075789082,0.08475214702876897,test_NO_3\bar_ROP_NO_f0.75_uf20.0_ua20.0.png,272,1.2142945492859876,H + HNO <=> H2 + NO,219,-1.1542724450807746,N + NO <=> N2 + O,221,1.1182294110250623,N + OH <=> H + NO,232,0.47208294081645963,NH + O <=> H + NO,220,0.3498455730241007,N + O2 <=> NO + O,239,-0.1992161789097019,NH + NO <=> H + N2O,270,-0.1815352407461128,H + NO + M <=> HNO + M,241,-0.0573371672153018,NH + NO <=> N2 + OH,240,0.05292194210900354,NH + NO <=> H + N2O,256,-0.024748283659420396,NH2 + NO <=> NNH + OH,227,0.03436396367920239,HO2 + NO <=> NO2 + OH,230,-0.018650445563240897,H + NO2 <=> NO + OH,229,-0.000954513011560174,NO2 + O <=> NO + O2,228,0.0006223442684571101,NO + O + M <=> NO2 + M,258,-4.1889252962918415e-07,NH2 + NO2 <=> H2O + N2O,243,-7.632522610264594e-08,NH + NO2 <=> N2O + OH,275,-3.397334548127512e-09,HNO + NO2 <=> HONO + NO,257,8.876395298705059e-13,HONO + NH2 <=> NH3 + NO2,242,-7.649717733173326e-13,HONO + NH <=> NH2 + NO2,,,,239,0.3513103759185808,NH + NO <=> H + N2O,224,-0.17382244413777218,H + N2O <=> N2 + OH,240,-0.0922329656915794,NH + NO <=> H + N2O,261,-0.00021321466636579803,NNH + O <=> H + N2O,222,-0.00012570268059287223,N2O + O <=> N2 + O2,226,-0.00011318552430612663,N2O (+M) <=> N2 + O (+M),223,-3.971783963981588e-05,N2O + O <=> 2 NO,225,-1.5071554517070349e-05,N2O + OH <=> HO2 + N2,243,3.6272185358529416e-06,NH + NO2 <=> N2O + OH,258,4.4598642560823576e-07,NH2 + NO2 <=> H2O + N2O
0.75,20.0,30.0,1523.2885985739497,2.1630778562611748,0.01776088738278547,0.15651014389797796,test_NO_3\bar_ROP_NO_f0.75_uf20.0_ua30.0.png,272,1.548434727828616,H + HNO <=> H2 + NO,221,0.5863547361459339,N + OH <=> H + NO,232,0.5254163104413291,NH + O <=> H + NO,219,-0.4840171095824004,N + NO <=> N2 + O,220,0.2883188438090237,N + O2 <=> NO + O,270,-0.24596137316637467,H + NO + M <=> HNO + M,239,-0.10615890852634816,NH + NO <=> H + N2O,230,0.08232993508819766,H + NO2 <=> NO + OH,228,-0.05793865794415482,NO + O + M <=> NO2 + M,271,0.0414165012827184,HNO + O <=> NO + OH,227,0.023168507188842186,HO2 + NO <=> NO2 + OH,230,-0.005179554810059875,H + NO2 <=> NO + OH,229,-0.0005709882594833971,NO2 + O <=> NO + O2,228,0.0003452706232625044,NO + O + M <=> NO2 + M,258,-2.095949176557062e-06,NH2 + NO2 <=> H2O + N2O,243,-2.4967943444438234e-07,NH + NO2 <=> N2O + OH,275,-1.7374759479685967e-09,HNO + NO2 <=> HONO + NO,257,6.186059414492072e-12,HONO + NH2 <=> NH3 + NO2,242,1.2494294806354697e-13,HONO + NH <=> NH2 + NO2,,,,239,0.48065133135858684,NH + NO <=> H + N2O,224,-0.19917722792035436,H + N2O <=> N2 + OH,240,-0.1249788581191183,NH + NO <=> H + N2O,261,0.00036702521104557207,NNH + O <=> H + N2O,222,-0.00022605709768978215,N2O + O <=> N2 + O2,226,-6.703081012386414e-05,N2O (+M) <=> N2 + O (+M),223,-5.5951699944050196e-05,N2O + O <=> 2 NO,225,-1.3504361835020825e-05,N2O + OH <=> HO2 + N2,243,8.961905218287982e-06,NH + NO2 <=> N2O + OH,258,1.4554321926486281e-06,NH2 + NO2 <=> H2O + N2O
0.75,30.0,10.0,1634.789299763548,1.393430880178816,0.009001464896901075,0.06922753512886985,test_NO_3\bar_ROP_NO_f0.75_uf30.0_ua10.0.png,221,1.175312404143297,N + OH <=> H + NO,219,-1.067666942322927,N + NO <=> N2 + O,272,0.9701576613262889,H + HNO <=> H2 + NO,232,0.3832524323139132,NH + O <=> H + NO,220,0.2772007061844458,N + O2 <=> NO + O,239,-0.17152701766848286,NH + NO <=> H + N2O,270,-0.15279711258783718,H + NO + M <=> HNO + M,241,-0.050076377266471336,NH + NO <=> N2 + OH,240,0.045776830877583226,NH + NO <=> H + N2O,256,-0.0199343229205612,NH2 + NO <=> NNH + OH,227,0.011772033453015009,HO2 + NO <=> NO2 + OH,230,-0.0025763083287308566,H + NO2 <=> NO + OH,229,-0.0004149859417795326,NO2 + O <=> NO + O2,228,0.00022080129388179196,NO + O + M <=> NO2 + M,258,-6.417171466767642e-08,NH2 + NO2 <=> H2O + N2O,243,-1.0863130524577193e-08,NH + NO2 <=> N2O + OH,275,-5.447256103672277e-10,HNO + NO2 <=> HONO + NO,257,9.643685920520838e-14,HONO + NH2 <=> NH3 + NO2,242,-1.0971214249456586e-14,HONO + NH <=> NH2 + NO2,,,,239,0.2749201422027309,NH + NO <=> H + N2O,224,-0.13311832944157942,H + N2O <=> N2 + OH,240,-0.07214509802983768,NH + NO <=> H + N2O,261,-0.0002402883304235329,NNH + O <=> H + N2O,226,-9.614267082761475e-05,N2O (+M) <=> N2 + O (+M),222,-6.497921883067915e-05,N2O + O <=> N2 + O2,223,-2.0305459963692917e-05,N2O + O <=> 2 NO,225,-9.65019431211183e-06,N2O + OH <=> HO2 + N2,243,1.9436263833177174e-06,NH + NO2 <=> N2O + OH,258,2.426455303287292e-07,NH2 + NO2 <=> H2O + N2O
0.75,30.0,20.0,1564.829693101706,1.9168429743685187,0.013383056540702562,0.11873880469732676,test_NO_3\bar_ROP_NO_f0.75_uf30.0_ua20.0.png,272,1.2501939450590425,H + HNO <=> H2 + NO,221,0.6453013808336227,N + OH <=> H + NO,232,0.45319613136880776,NH + O <=> H + NO,219,-0.4177207616429067,N + NO <=> N2 + O,220,0.24175653737628122,N + O2 <=> NO + O,270,-0.22103221866052017,H + NO + M <=> HNO + M,239,-0.07885350506231445,NH + NO <=> H + N2O,230,0.06466076393905944,H + NO2 <=> NO + OH,228,-0.048466411196783694,NO + O + M <=> NO2 + M,273,0.03603560938682315,HNO + OH <=> H2O + NO,227,0.05251773438576098,HO2 + NO <=> NO2 + OH,230,-0.03889774318584519,H + NO2 <=> NO + OH,229,-0.0012448404375188374,NO2 + O <=> NO + O2,228,0.0010088799659218003,NO + O + M <=> NO2 + M,258,-8.024737409763126e-07,NH2 + NO2 <=> H2O + N2O,243,-1.6376705507671035e-07,NH + NO2 <=> N2O + OH,275,-7.944265377765676e-09,HNO + NO2 <=> HONO + NO,242,-5.185130696475148e-12,HONO + NH <=> NH2 + NO2,257,2.630370759899671e-12,HONO + NH2 <=> NH3 + NO2,,,,239,0.41981510215002305,NH + NO <=> H + N2O,224,-0.19114891907589987,H + N2O <=> N2 + OH,240,-0.10972787628688016,NH + NO <=> H + N2O,222,-0.00016629458081589542,N2O + O <=> N2 + O2,261,0.00011187796585131117,NNH + O <=> H + N2O,226,-8.994549696539201e-05,N2O (+M) <=> N2 + O (+M),223,-4.7016097959499614e-05,N2O + O <=> 2 NO,225,-1.4356081111997447e-05,N2O + OH <=> HO2 + N2,243,5.469348416512767e-06,NH + NO2 <=> N2O + OH,258,7.628526687064271e-07,NH2 + NO2 <=> H2O + N2O
0.75,30.0,30.0,300.0002630291618,2.834447845751578e-12,2.1942036323757016e-10,1.814103969719e-17,test_NO_3\bar_ROP_NO_f0.75_uf30.0_ua30.0.png,220,5.031368209564142e-12,N + O2 <=> NO + O,227,-2.257032970331618e-12,HO2 + NO <=> NO2 + OH,289,1.4547453288774996e-13,N2H2 + O <=> NH2 + NO,255,-7.265334765918004e-14,NH2 + NO <=> H2O + N2,256,-8.17151224115583e-15,NH2 + NO <=> NNH + OH,228,-3.995019365054245e-15,NO + O + M <=> NO2 + M,219,-1.6990411401791494e-15,N + NO <=> N2 + O,221,1.156994132426768e-15,N + OH <=> H + NO,,,,,,,227,2.1917995415335473e-10,HO2 + NO <=> NO2 + OH,228,2.401337272350364e-13,NO + O + M <=> NO2 + M,,,,,,,,,,,,,,,,,,,,,,,,,,,,,,,,,,,,,,,,,,,,,,,,,,,,,,
