alpha,vfuel,air_LPM,flame_length,max_temp,rop_NO,rop_NO2,rop_N2O
0.28,20.0,0.0,0.01957446808510638,301.44420576119967,6.327121266809512e-23,-1.4662657718520815e-22,-7.95211037547194e-22
0.28,20.0,21.11111111111111,0.00425531914893617,300.03250363493805,3.453384189254263e-65,3.453384189271127e-65,3.4533841892297844e-65
0.28,20.0,42.22222222222222,0.002553191489361702,300.00206835818005,3.4533841892669726e-65,3.4533841892498538e-65,3.4533841893870326e-65
0.28,20.0,63.33333333333333,0.001702127659574468,300.00372164175366,3.453384189488127e-65,3.4533841892316217e-65,3.453384189336937e-65
0.28,20.0,84.44444444444444,0.001276595744680851,300.0000000758535,3.4531312947477496e-65,3.453375060681822e-65,3.453371851844462e-65
0.28,20.0,105.55555555555556,0.000851063829787234,301.65569745546225,4.0275937331674415e-36,-9.922019370188344e-36,5.030350462988024e-37
0.28,20.0,126.66666666666666,0.000851063829787234,300.0005070014093,3.4533841890973402e-65,3.4533841889882095e-65,3.4533841892541853e-65
0.28,20.0,147.77777777777777,0.000851063829787234,300.00014819540667,3.4533841889947334e-65,3.453384189594128e-65,3.453384189516788e-65
0.28,20.0,168.88888888888889,0.000851063829787234,300.01711131521466,3.453384293958604e-65,3.4533841892893077e-65,3.4533841894233484e-65
0.28,20.0,190.0,0.000425531914893617,304.5549608949291,5.387661610208095e-64,3.45697241602126e-65,3.453384443500696e-65
0.28,23.0,0.0,0.01957446808510638,302.2292021771858,4.37259376642916e-22,-1.42923477088187e-22,1.875003891175634e-21
0.28,23.0,21.11111111111111,0.004680851063829788,300.03612033373895,3.453384189288029e-65,3.453384189275665e-65,3.453384189201128e-65
0.28,23.0,42.22222222222222,0.002553191489361702,300.0960412685029,3.4533841893761038e-65,3.4533841892529945e-65,3.4533841892211676e-65
0.28,23.0,63.33333333333333,0.001702127659574468,304.1591755463901,3.453384189252808e-65,3.45338418937684e-65,3.453384189330013e-65
0.28,23.0,84.44444444444444,0.001276595744680851,302.1344892046044,3.7306303854757365e-51,3.133060379596271e-55,5.118927742076361e-59
0.28,23.0,105.55555555555556,0.001276595744680851,300.02538217407675,3.4533841892789e-65,3.453384189442334e-65,3.4533841888207366e-65
0.28,23.0,126.66666666666666,0.000851063829787234,300.05200946793013,3.4533841893450414e-65,3.453384189393222e-65,3.4533841894342866e-65
0.28,23.0,147.77777777777777,0.0,300.0,3.4533841891292713e-65,3.4533841888640705e-65,3.4533841893027157e-65
0.28,23.0,168.88888888888889,0.001276595744680851,300.0000010780063,3.453382955355015e-65,3.45338418917388e-65,3.4533841893432606e-65
0.28,23.0,190.0,0.000851063829787234,300.00815228860563,3.3689960178529235e-65,3.453378029240715e-65,3.453384188737703e-65
0.28,25.0,0.0,0.01957446808510638,301.7370635074644,1.170282797737196e-21,5.311183288351836e-22,2.1256923733307813e-22
0.28,25.0,18.88888888888889,0.005531914893617021,300.00022743335836,3.3125014740451736e-65,3.43003470526975e-65,3.4502519314159563e-65
0.28,25.0,37.77777777777778,0.003404255319148936,300.00020000025444,3.453384189192164e-65,3.4533841892490074e-65,3.4533841891907782e-65
0.28,25.0,56.66666666666667,0.002127659574468085,301.9704728371155,-1.6519162130436623e-37,2.8875584453850344e-37,-1.4103351459529808e-37
0.28,25.0,75.55555555555556,0.0,300.0,3.4533841894568747e-65,3.4533841891800754e-65,3.453384189525247e-65
0.28,25.0,94.44444444444444,0.001276595744680851,301.21513725108434,-6.371204912573919e-40,-1.609483748396963e-39,-6.217349684467763e-39
0.28,25.0,113.33333333333334,0.006808510638297872,300.0000000000014,3.4533841892221877e-65,3.453384189322876e-65,3.4533841895690407e-65
0.28,25.0,132.22222222222223,0.000851063829787234,303.6194391423598,3.4533841894753725e-65,3.45338418935328e-65,3.4533841890578833e-65
0.28,25.0,151.11111111111111,0.000851063829787234,300.0331886501786,-4.2984747676534584e-45,8.400053166488196e-46,5.613687486078718e-47
0.28,25.0,170.0,0.000851063829787234,300.00001074115585,3.4533835124079423e-65,3.453384188860371e-65,3.4533841894302228e-65
0.5,20.0,0.0,0.01957446808510638,301.66469958502995,-2.3903175702431004e-22,-2.1071952054304962e-22,-1.3057404623921566e-22
0.5,20.0,27.77777777777778,0.003829787234042553,300.0005096465902,3.453384189249313e-65,3.45338418916326e-65,3.453384189229983e-65
0.5,20.0,55.55555555555556,0.002127659574468085,300.0070501843393,5.978125337336045e-56,7.311878871334128e-56,6.276246871802369e-56
0.5,20.0,83.33333333333334,0.001276595744680851,301.20611680955506,-1.8074954579158715e-40,-6.870851143278645e-39,-3.11360215774381e-38
0.5,20.0,111.11111111111111,0.000851063829787234,302.54634747741346,1.968613615823096e-31,8.517632871166125e-31,5.743443565098645e-33
0.5,20.0,138.88888888888889,0.004680851063829788,300.00000000000017,3.3375217828915634e-65,3.545383692912973e-65,3.697467970697717e-65
0.5,20.0,166.66666666666669,0.000851063829787234,300.00000733677507,3.3180489757820313e-65,3.4419840383327246e-65,3.529946309438251e-65
0.5,20.0,194.44444444444446,0.000851063829787234,300.0033236935581,8.832980053087719e-39,-6.390848017018885e-39,-1.0974395268073605e-38
0.5,20.0,222.22222222222223,0.000425531914893617,307.42570002391363,-1.603868651957455e-30,1.0281495805071368e-31,-3.4861515907456236e-30
0.5,20.0,250.0,0.000425531914893617,300.7402098341581,2.1993564636813405e-35,-5.736503391239268e-36,6.907376345460714e-36
0.5,30.0,0.0,0.01957446808510638,301.6773817653364,1.424630190838203e-21,-1.812248403656522e-23,1.102560519209995e-22
0.5,30.0,27.77777777777778,0.005106382978723404,300.00000014136225,3.4533841893231473e-65,3.4533841892707737e-65,3.4533841893116095e-65
0.5,30.0,55.55555555555556,0.0029787234042553193,300.0004914170334,3.4533841891694286e-65,3.4533841893057725e-65,3.453384189155066e-65
0.5,30.0,83.33333333333334,0.002127659574468085,300.0005526625121,1.6902833666593844e-64,4.596598093928361e-65,3.118189965093793e-65
0.5,30.0,111.11111111111111,0.001702127659574468,300.00020506562674,2.929470004882917e-62,5.465273282234115e-61,3.845375739648345e-61
0.5,30.0,138.88888888888889,0.001276595744680851,300.00000018308447,3.4533841892186156e-65,3.453384189420326e-65,3.4533841889780375e-65
0.5,30.0,166.66666666666669,0.000851063829787234,301.21578666421334,3.4527212059896183e-65,3.4533841406396854e-65,3.4533841891593886e-65
0.5,30.0,194.44444444444446,0.000851063829787234,300.0400618943357,-7.582525021558648e-65,3.4526027015680734e-65,3.4533841341604987e-65
0.5,30.0,222.22222222222223,0.000851063829787234,300.027549900079,-1.2138904030504694e-60,-4.859092869413359e-65,3.452816621845855e-65
0.5,30.0,250.0,0.000851063829787234,300.07878288963997,-5.668571149136901e-56,-3.75225649298155e-60,-2.131392859479519e-64
0.5,35.0,0.0,0.01957446808510638,302.0927878974141,1.5579731014975948e-21,-1.0673506249503802e-21,4.928004474558153e-22
0.5,35.0,27.77777777777778,0.005531914893617021,300.0067633090374,3.453384189186922e-65,3.4533841892008874e-65,3.4533841892379145e-65
0.5,35.0,55.55555555555556,0.003404255319148936,300.0000214335337,3.453384189342207e-65,3.453384189170764e-65,3.453384189237931e-65
0.5,35.0,83.33333333333334,0.002127659574468085,302.1591091111065,-4.199555572720242e-35,5.871430624257539e-35,-2.494647881927458e-35
0.5,35.0,111.11111111111111,0.002553191489361702,300.0000000000001,3.453384188987746e-65,3.453384189076515e-65,3.453384189225834e-65
0.5,35.0,138.88888888888889,0.001276595744680851,304.6751932385299,3.451895780568778e-65,3.453384076474353e-65,3.453384188901749e-65
0.5,35.0,166.66666666666669,0.001276595744680851,300.0273504954027,3.4374599500510885e-65,3.4533829963178995e-65,3.4533841887036857e-65
0.5,35.0,194.44444444444446,0.001276595744680851,300.59277709059967,1.0022417055249493e-60,1.0554284081574261e-64,3.4538859288195257e-65
0.5,35.0,222.22222222222223,0.000851063829787234,301.12760075922114,-3.9337109747647327e-60,-2.3163517803882352e-64,3.451584816790627e-65
0.5,35.0,250.0,0.000851063829787234,300.00003269003616,1.7703779304446828e-56,1.1737437990757569e-60,1.1210423821891401e-64
0.75,25.0,0.0,0.01957446808510638,301.552086249152,-1.5055659243796557e-21,2.2539328972984525e-22,-2.2546487030021253e-22
0.75,25.0,27.77777777777778,0.004680851063829788,300.00011500029063,3.4533845805335674e-65,3.45338427326697e-65,3.4533841890612176e-65
0.75,25.0,55.55555555555556,0.002553191489361702,300.0000002402423,3.4533841891492306e-65,3.453384189459513e-65,3.4533841893593176e-65
0.75,25.0,83.33333333333334,0.001702127659574468,301.49875656297024,2.2053820800307926e-39,1.413796024529005e-38,7.016307319516848e-38
0.75,25.0,111.11111111111111,0.001276595744680851,300.7541243229937,3.453384189502547e-65,3.4533841893558117e-65,3.4533841891613436e-65
0.75,25.0,138.88888888888889,0.001276595744680851,300.0000044008693,3.453363020181424e-65,3.4533720533829517e-65,3.453370452559029e-65
0.75,25.0,166.66666666666669,0.000851063829787234,300.9277543777345,-4.9673694506803784e-36,-4.76384390959951e-40,-5.366887370413037e-44
0.75,25.0,194.44444444444446,0.008936170212765958,300.00000000000045,3.056142047090754e-65,3.4533560728868335e-65,3.4533841870917503e-65
0.75,25.0,222.22222222222223,0.000851063829787234,300.0000000247796,7.764954341376612e-65,3.4536793670229853e-65,3.453384210169451e-65
0.75,25.0,250.0,0.000425531914893617,300.00664955052156,2.3322398720393697e-57,1.5470236819853136e-61,4.475840132751964e-65
0.75,40.0,0.0,0.01957446808510638,301.0753029982351,4.541789369784469e-21,-4.1792034078942624e-22,-2.566545970524805e-21
0.75,40.0,27.77777777777778,0.006382978723404255,300.00054743694903,3.453384189024533e-65,3.453384189380306e-65,3.4533841893000317e-65
0.75,40.0,55.55555555555556,0.003829787234042553,300.1162292916725,-1.117277328446761e-60,3.40789621105544e-61,2.0780313803820208e-60
0.75,40.0,83.33333333333334,0.002553191489361702,301.6184660687016,6.052882432155152e-36,-3.083852643299453e-35,-1.2020360105245852e-35
0.75,40.0,111.11111111111111,0.002127659574468085,300.0028162806423,1.791496032413974e-55,3.432496194791373e-56,1.652547157075152e-56
0.75,40.0,138.88888888888889,0.001702127659574468,300.00017681665753,3.453376179534553e-65,3.4533841887550114e-65,3.4533841891251788e-65
0.75,40.0,166.66666666666669,0.001276595744680851,301.34831654202594,-2.0199353927856218e-64,3.45164899894173e-65,3.4533840624647204e-65
0.75,40.0,194.44444444444446,0.001276595744680851,300.00060347215987,-3.719788555147294e-62,3.1896394630362164e-65,3.453365556515284e-65
0.75,40.0,222.22222222222223,0.001276595744680851,300.17715724183176,5.434964306304394e-37,3.153379164574704e-37,-5.526690790528777e-36
0.75,40.0,250.0,0.000851063829787234,303.5503965142401,-1.0062504559030191e-30,1.3033408474474982e-31,4.523235313088283e-31
0.75,50.0,0.0,0.01957446808510638,300.99542407874895,3.817817329280403e-22,3.3527894103832397e-21,-7.155717119776423e-21
0.75,50.0,27.77777777777778,0.00723404255319149,300.000000059713,3.453385432105775e-65,3.4533841900159178e-65,3.4533841892248384e-65
0.75,50.0,55.55555555555556,0.0002127659574468085,300.00000000044713,3.033861783968582e-13,3.556999916337439e-13,4.0548269764481066e-13
0.75,50.0,83.33333333333334,0.0032047872340425533,300.00000000000443,3.105567053055959e-15,3.3473810606914005e-15,3.572765399401441e-15
0.75,50.0,111.11111111111111,0.000425531914893617,300.000000000003,-5.162457478025188e-62,5.883211960651114e-64,2.3431728232992415e-62
0.75,50.0,138.88888888888889,0.002127659574468085,300.0872474738663,-2.9491741400476973e-55,1.3434429042234608e-54,-1.8014624023417973e-55
0.75,50.0,166.66666666666669,0.001702127659574468,300.9853531161817,3.90648410245727e-37,7.445986923050084e-36,-1.3370743735089325e-35
0.75,50.0,194.44444444444446,0.001702127659574468,300.0000106170733,-1.4654631529911281e-61,2.4149730459328074e-65,3.4533108254318943e-65
0.75,50.0,222.22222222222223,0.001276595744680851,300.44784083632237,3.638249462606636e-38,9.200807512434202e-38,2.6971592690996145e-37
0.75,50.0,250.0,0.001276595744680851,300.00082211041257,3.0713697192979127e-54,2.060349523938344e-58,1.3781901552789298e-62
